DELETE FROM Rider;
DELETE FROM Manager;
DELETE FROM WWS;
DELETE FROM WorkShift;
DELETE FROM FDSEmployee;
DELETE FROM WWS;
DELETE FROM Restaurants;
DELETE FROM RestaurantStaff;
DELETE FROM Customers;
DELETE FROM Orders;
DELETE FROM Category;
DELETE FROM FoodItem;
DELETE FROM PromoCampaign;
DELETE FROM PromoByRestaurant;
DELETE FROM PromoBFDS;
DELETE FROM DiscountPromo;
DELETE FROM OrderPromoCampaignUsage;
DELETE FROM OrderItem;
DELETE FROM Place;
DELETE FROM RestaurantReview;
DELETE FROM Belongs;
DELETE FROM Eligible;

insert into FDSEmployee (empid, emptype, emp_first_name, emp_last_name, email, emppassword) values (1, 'Manager', 'Norine', 'Baglow', 'nbaglow0@hp.com', 'UYqkoIyltQoA');
insert into FDSEmployee (empid, emptype, emp_first_name, emp_last_name, email, emppassword) values (2, 'Manager', 'Baxie', 'Cannon', 'bcannon1@bing.com', 'Hv8Ea4');
insert into FDSEmployee (empid, emptype, emp_first_name, emp_last_name, email, emppassword) values (3, 'Manager', 'Derron', 'Tatchell', 'dtatchell2@stanford.edu', 'YTRNLX');
insert into FDSEmployee (empid, emptype, emp_first_name, emp_last_name, email, emppassword) values (4, 'Manager', 'Augustine', 'Sperwell', 'asperwell3@t-online.de', 'AyNgCpWQ');
insert into FDSEmployee (empid, emptype, emp_first_name, emp_last_name, email, emppassword) values (5, 'Manager', 'Margy', 'Bogeys', 'mbogeys4@php.net', '4ZJiIM');
insert into FDSEmployee (empid, emptype, emp_first_name, emp_last_name, email, emppassword) values (6, 'Manager', 'Fletcher', 'Burchnall', 'fburchnall5@google.com', '1cD6LWignKw');
insert into FDSEmployee (empid, emptype, emp_first_name, emp_last_name, email, emppassword) values (7, 'Manager', 'Guilbert', 'Ashleigh', 'gashleigh6@lycos.com', 'I8L9euQlTUK');
insert into FDSEmployee (empid, emptype, emp_first_name, emp_last_name, email, emppassword) values (8, 'Manager', 'Griswold', 'Bruhn', 'gbruhn7@mediafire.com', 'fq8mte9a09');
insert into FDSEmployee (empid, emptype, emp_first_name, emp_last_name, email, emppassword) values (9, 'Manager', 'Casi', 'Shimon', 'cshimon8@mail.ru', 'yNynEWNfR');
insert into FDSEmployee (empid, emptype, emp_first_name, emp_last_name, email, emppassword) values (10, 'Manager', 'Angelica', 'Drinkale', 'adrinkale9@latimes.com', 'C5qHLa0');
insert into FDSEmployee (empid, emptype, emp_first_name, emp_last_name, email, emppassword) values (11, 'Manager', 'Vikki', 'Overell', 'voverella@thetimes.co.uk', 'AlhAepDEdfH');
insert into FDSEmployee (empid, emptype, emp_first_name, emp_last_name, email, emppassword) values (12, 'Manager', 'Sybila', 'Longmate', 'slongmateb@globo.com', 'J89O7WR');
insert into FDSEmployee (empid, emptype, emp_first_name, emp_last_name, email, emppassword) values (13, 'Manager', 'Forster', 'Dawnay', 'fdawnayc@163.com', 'KwcAPtd');
insert into FDSEmployee (empid, emptype, emp_first_name, emp_last_name, email, emppassword) values (14, 'Manager', 'Silva', 'Ratcliff', 'sratcliffd@goo.gl', 'tWUFqVDEoBwp');
insert into FDSEmployee (empid, emptype, emp_first_name, emp_last_name, email, emppassword) values (15, 'Manager', 'Loraine', 'Fairholme', 'lfairholmee@cbc.ca', 'DlPfgCqBfOV');
insert into FDSEmployee (empid, emptype, emp_first_name, emp_last_name, email, emppassword) values (16, 'Manager', 'Sancho', 'Placidi', 'splacidif@sbwire.com', 'GnhWNx1HLU');
insert into FDSEmployee (empid, emptype, emp_first_name, emp_last_name, email, emppassword) values (17, 'Manager', 'Cammy', 'Pordall', 'cpordallg@sciencedirect.com', 'wFaYF2A63od');
insert into FDSEmployee (empid, emptype, emp_first_name, emp_last_name, email, emppassword) values (18, 'Manager', 'Lulita', 'Dimblebee', 'ldimblebeeh@cornell.edu', 'XR8YT3jkZ');
insert into FDSEmployee (empid, emptype, emp_first_name, emp_last_name, email, emppassword) values (19, 'Manager', 'Becca', 'Quoit', 'bquoiti@washingtonpost.com', 'nLVaYy8NdSJv');
insert into FDSEmployee (empid, emptype, emp_first_name, emp_last_name, email, emppassword) values (20, 'Manager', 'Nicky', 'Raff', 'nraffj@mit.edu', 'EvrYAyKeCdZ');
insert into FDSEmployee (empid, emptype, emp_first_name, emp_last_name, email, emppassword) values (21, 'Manager', 'Birgit', 'Elstub', 'belstubk@geocities.com', 'cMumSgSlq');
insert into FDSEmployee (empid, emptype, emp_first_name, emp_last_name, email, emppassword) values (22, 'Manager', 'Ali', 'Tapply', 'atapplyl@umn.edu', 'aqi6as0Bm');
insert into FDSEmployee (empid, emptype, emp_first_name, emp_last_name, email, emppassword) values (23, 'Manager', 'Haydon', 'Burford', 'hburfordm@washingtonpost.com', 't7vOc7ln');
insert into FDSEmployee (empid, emptype, emp_first_name, emp_last_name, email, emppassword) values (24, 'Manager', 'Maire', 'Birdfield', 'mbirdfieldn@godaddy.com', 'kzL60EoT');
insert into FDSEmployee (empid, emptype, emp_first_name, emp_last_name, email, emppassword) values (25, 'Manager', 'Tiff', 'Nudd', 'tnuddo@xinhuanet.com', 'F7M7Wo0Q9');
insert into FDSEmployee (empid, emptype, emp_first_name, emp_last_name, email, emppassword) values (26, 'Manager', 'Yvonne', 'Fossick', 'yfossickp@amazon.co.jp', 'yc8UTHy');
insert into FDSEmployee (empid, emptype, emp_first_name, emp_last_name, email, emppassword) values (27, 'Manager', 'Maribeth', 'Lewsey', 'mlewseyq@live.com', 'VXSoYQV');
insert into FDSEmployee (empid, emptype, emp_first_name, emp_last_name, email, emppassword) values (28, 'Manager', 'Augusto', 'Dessaur', 'adessaurr@fda.gov', 'RIErj3dt8G');
insert into FDSEmployee (empid, emptype, emp_first_name, emp_last_name, email, emppassword) values (29, 'Manager', 'Fletch', 'Mance', 'fmances@infoseek.co.jp', '15jebT');
insert into FDSEmployee (empid, emptype, emp_first_name, emp_last_name, email, emppassword) values (30, 'Manager', 'Alanah', 'Abramov', 'aabramovt@facebook.com', 'h4olV16FCN');
insert into FDSEmployee (empid, emptype, emp_first_name, emp_last_name, email, emppassword) values (31, 'Manager', 'Merrilee', 'Mardy', 'mmardyu@upenn.edu', 'U6KDbixs');
insert into FDSEmployee (empid, emptype, emp_first_name, emp_last_name, email, emppassword) values (32, 'Manager', 'Verney', 'Jope', 'vjopev@youku.com', 'tGvJcGH9W');
insert into FDSEmployee (empid, emptype, emp_first_name, emp_last_name, email, emppassword) values (33, 'Manager', 'Barry', 'Spindler', 'bspindlerw@lycos.com', 'QjmjJnvyZ');
insert into FDSEmployee (empid, emptype, emp_first_name, emp_last_name, email, emppassword) values (34, 'Manager', 'Elise', 'Warin', 'ewarinx@scientificamerican.com', 'm0lF9DwZE');
insert into FDSEmployee (empid, emptype, emp_first_name, emp_last_name, email, emppassword) values (35, 'Manager', 'Pippo', 'Cotsford', 'pcotsfordy@pen.io', '4FWjSFG2');
insert into FDSEmployee (empid, emptype, emp_first_name, emp_last_name, email, emppassword) values (36, 'Manager', 'Dannel', 'Defau', 'ddefauz@reference.com', 'oUx1goe');
insert into FDSEmployee (empid, emptype, emp_first_name, emp_last_name, email, emppassword) values (37, 'Manager', 'Roland', 'Urpeth', 'rurpeth10@pcworld.com', 'QwTP02ZvL');
insert into FDSEmployee (empid, emptype, emp_first_name, emp_last_name, email, emppassword) values (38, 'Manager', 'Agathe', 'Treneer', 'atreneer11@desdev.cn', 'SFJtswr1AM');
insert into FDSEmployee (empid, emptype, emp_first_name, emp_last_name, email, emppassword) values (39, 'Manager', 'Obediah', 'Mellon', 'omellon12@flavors.me', 'taxb0kwHRE');
insert into FDSEmployee (empid, emptype, emp_first_name, emp_last_name, email, emppassword) values (40, 'Manager', 'Ashly', 'Gillebert', 'agillebert13@soundcloud.com', '5JrG79eLi');
insert into FDSEmployee (empid, emptype, emp_first_name, emp_last_name, email, emppassword) values (41, 'Manager', 'Dasya', 'Aishford', 'daishford14@yelp.com', 'QrzjAld');
insert into FDSEmployee (empid, emptype, emp_first_name, emp_last_name, email, emppassword) values (42, 'Manager', 'Michell', 'Fidoe', 'mfidoe15@bloglovin.com', 'sCIGkThQKQ');
insert into FDSEmployee (empid, emptype, emp_first_name, emp_last_name, email, emppassword) values (43, 'Manager', 'Julie', 'Dawton', 'jdawton16@scientificamerican.com', 'Qk9vOO');
insert into FDSEmployee (empid, emptype, emp_first_name, emp_last_name, email, emppassword) values (44, 'Manager', 'Anetta', 'Keemar', 'akeemar17@homestead.com', 'eYEbRYP2');
insert into FDSEmployee (empid, emptype, emp_first_name, emp_last_name, email, emppassword) values (45, 'Manager', 'Pincus', 'Brombell', 'pbrombell18@java.com', 'pi5BetJvCs');
insert into FDSEmployee (empid, emptype, emp_first_name, emp_last_name, email, emppassword) values (46, 'Manager', 'Town', 'Fawks', 'tfawks19@quantcast.com', 'L4oYTnshp');
insert into FDSEmployee (empid, emptype, emp_first_name, emp_last_name, email, emppassword) values (47, 'Manager', 'Irving', 'Bonnier', 'ibonnier1a@tiny.cc', 'l1hk0Ju2QTQE');
insert into FDSEmployee (empid, emptype, emp_first_name, emp_last_name, email, emppassword) values (48, 'Manager', 'Ave', 'Adamczyk', 'aadamczyk1b@columbia.edu', 'SSow9loRKh3n');
insert into FDSEmployee (empid, emptype, emp_first_name, emp_last_name, email, emppassword) values (49, 'Manager', 'Chastity', 'Lepoidevin', 'clepoidevin1c@eventbrite.com', 'WpiNg9');
insert into FDSEmployee (empid, emptype, emp_first_name, emp_last_name, email, emppassword) values (50, 'Manager', 'Bertram', 'De Gowe', 'bdegowe1d@wufoo.com', 'MYtqPD5Ew');
insert into FDSEmployee (empid, emptype, emp_first_name, emp_last_name, email, emppassword) values (51, 'Rider', 'Margarethe', 'McWilliams', 'mmcwilliams0@t-online.de', 'h6hgYzcMtrw3');
insert into FDSEmployee (empid, emptype, emp_first_name, emp_last_name, email, emppassword) values (52, 'Rider', 'Ana', 'Youle', 'ayoule1@abc.net.au', 'VgpsNQj');
insert into FDSEmployee (empid, emptype, emp_first_name, emp_last_name, email, emppassword) values (53, 'Rider', 'Tiena', 'Lerohan', 'tlerohan2@is.gd', 'cUt2pCL');
insert into FDSEmployee (empid, emptype, emp_first_name, emp_last_name, email, emppassword) values (54, 'Rider', 'Bethany', 'Pagin', 'bpagin3@ocn.ne.jp', 'j67e9S');
insert into FDSEmployee (empid, emptype, emp_first_name, emp_last_name, email, emppassword) values (55, 'Rider', 'Dorette', 'Tingly', 'dtingly4@huffingtonpost.com', 'KugRZbhgEqHx');
insert into FDSEmployee (empid, emptype, emp_first_name, emp_last_name, email, emppassword) values (56, 'Rider', 'Timothy', 'Stanley', 'tstanley5@google.cn', 'DxZPLBp');
insert into FDSEmployee (empid, emptype, emp_first_name, emp_last_name, email, emppassword) values (57, 'Rider', 'Maren', 'Pachta', 'mpachta6@hatena.ne.jp', 'yDOHBY');
insert into FDSEmployee (empid, emptype, emp_first_name, emp_last_name, email, emppassword) values (58, 'Rider', 'Daron', 'Cleland', 'dcleland7@fema.gov', 'uw37YvSJzS6');
insert into FDSEmployee (empid, emptype, emp_first_name, emp_last_name, email, emppassword) values (59, 'Rider', 'Costanza', 'Pinsent', 'cpinsent8@myspace.com', '205RxF5XYu');
insert into FDSEmployee (empid, emptype, emp_first_name, emp_last_name, email, emppassword) values (60, 'Rider', 'Luise', 'Domanek', 'ldomanek9@amazon.com', '8dRd6d');
insert into FDSEmployee (empid, emptype, emp_first_name, emp_last_name, email, emppassword) values (61, 'Rider', 'Bridie', 'Kobpac', 'bkobpaca@va.gov', 'WSqjaa2VN');
insert into FDSEmployee (empid, emptype, emp_first_name, emp_last_name, email, emppassword) values (62, 'Rider', 'Lawry', 'Keson', 'lkesonb@prlog.org', '9bcnIJwLAz3');
insert into FDSEmployee (empid, emptype, emp_first_name, emp_last_name, email, emppassword) values (63, 'Rider', 'Janith', 'Swane', 'jswanec@hao123.com', 'GtNqyxMOBe9E');
insert into FDSEmployee (empid, emptype, emp_first_name, emp_last_name, email, emppassword) values (64, 'Rider', 'Raymond', 'Havill', 'rhavilld@vk.com', 'qGfzAVe');
insert into FDSEmployee (empid, emptype, emp_first_name, emp_last_name, email, emppassword) values (65, 'Rider', 'Abbi', 'Pendlebury', 'apendleburye@google.fr', 'eAUT1e6');
insert into FDSEmployee (empid, emptype, emp_first_name, emp_last_name, email, emppassword) values (66, 'Rider', 'Lambert', 'Dutton', 'lduttonf@hexun.com', '0UxtIX6ak');
insert into FDSEmployee (empid, emptype, emp_first_name, emp_last_name, email, emppassword) values (67, 'Rider', 'Curt', 'Clayfield', 'cclayfieldg@mapy.cz', '1nbNi9R');
insert into FDSEmployee (empid, emptype, emp_first_name, emp_last_name, email, emppassword) values (68, 'Rider', 'Isobel', 'McCorkindale', 'imccorkindaleh@bing.com', 'vdRvni7s4rK');
insert into FDSEmployee (empid, emptype, emp_first_name, emp_last_name, email, emppassword) values (69, 'Rider', 'Helsa', 'Bonnett', 'hbonnetti@a8.net', 'ud4p1N4M3xOu');
insert into FDSEmployee (empid, emptype, emp_first_name, emp_last_name, email, emppassword) values (70, 'Rider', 'Adair', 'Daelman', 'adaelmanj@blog.com', 'QflkcQEoQc');
insert into FDSEmployee (empid, emptype, emp_first_name, emp_last_name, email, emppassword) values (71, 'Rider', 'Rancell', 'Kilgallen', 'rkilgallenk@spotify.com', 'VfMpUmVkh6');
insert into FDSEmployee (empid, emptype, emp_first_name, emp_last_name, email, emppassword) values (72, 'Rider', 'Tabina', 'Meates', 'tmeatesl@yellowbook.com', 'iyC9AA');
insert into FDSEmployee (empid, emptype, emp_first_name, emp_last_name, email, emppassword) values (73, 'Rider', 'Cortie', 'Willoughway', 'cwilloughwaym@github.io', 'yiwzT7g');
insert into FDSEmployee (empid, emptype, emp_first_name, emp_last_name, email, emppassword) values (74, 'Rider', 'Lowell', 'Scoullar', 'lscoullarn@reuters.com', 'D7EZg6');
insert into FDSEmployee (empid, emptype, emp_first_name, emp_last_name, email, emppassword) values (75, 'Rider', 'Eben', 'Tester', 'etestero@goo.gl', 'BPHhgEFze9');
insert into FDSEmployee (empid, emptype, emp_first_name, emp_last_name, email, emppassword) values (76, 'Rider', 'Christan', 'Purvess', 'cpurvessp@ox.ac.uk', 'cKR72GVjAWGg');
insert into FDSEmployee (empid, emptype, emp_first_name, emp_last_name, email, emppassword) values (77, 'Rider', 'Nolie', 'Underwood', 'nunderwoodq@psu.edu', 'vV3fQtCK');
insert into FDSEmployee (empid, emptype, emp_first_name, emp_last_name, email, emppassword) values (78, 'Rider', 'Vladimir', 'Weaving', 'vweavingr@nytimes.com', '69hHCEboLazR');
insert into FDSEmployee (empid, emptype, emp_first_name, emp_last_name, email, emppassword) values (79, 'Rider', 'Lynnea', 'Audiss', 'laudisss@slashdot.org', 'znXYcFrKD');
insert into FDSEmployee (empid, emptype, emp_first_name, emp_last_name, email, emppassword) values (80, 'Rider', 'Vaughn', 'Sermin', 'vsermint@flavors.me', 'eR7RdYE9');

alter sequence FDSEmployee_empid_seq restart with 81;

INSERT INTO Manager VALUES (1),(2),(3),(4),(5),(6),(7),(8),(9),(10),(11),(12),(13),(14),(15),(16),(17),(18),(19),(20),(21),(22),(23),(24),(25),(26),(27),(28),(29),(30),(31),(32),(33),(34),(35),(36),(37),(38),(39),(40),(41),(42),(43),(44),(45),(46),(47),(48),(49),(50);

INSERT INTO Rider VALUES (51,false),(52,false),(53,false),(54,false),(55,false),(56,false),(57,false),(58,false),(59,false),(60,false),(61,false),(62,false),(63,false),(64,false),(65,false),(66,false),(67,false),(68,false),(69,false),(70,false);
INSERT INTO Rider VALUES (71,true),(72,true),(73,true),(74,true),(75,true),(76,true),(77,true),(78,true),(79,true),(80,true);

INSERT INTO WorkShift VALUES (0, false,false,false,false,false,false,false,false,false,false,false,false,true);
INSERT INTO WorkShift VALUES (1, true, true, true, true, false, true, true, true, true, false, false, false, true);
INSERT INTO WorkShift VALUES (2, false, true, true, true, true, false, true, true, true, true, false, false, true);
INSERT INTO WorkShift VALUES (3, false, false, true, true, true, true, false, true, true, true, true, false, true);
INSERT INTO WorkShift VALUES (4, false, false, false, true, true, true, true, false, true, true, true, true, true);

insert into WorkShift (wsid, h1, h2, h3, h4, h5, h6, h7, h8, h9, h10, h11, h12) values (5, false, false, false, false, true, true, false, false, true, false, true, false);
insert into WorkShift (wsid, h1, h2, h3, h4, h5, h6, h7, h8, h9, h10, h11, h12) values (6, false, true, false, false, true, false, true, true, true, false, false, false);
insert into WorkShift (wsid, h1, h2, h3, h4, h5, h6, h7, h8, h9, h10, h11, h12) values (7, false, false, true, true, true, true, false, false, true, false, true, true);
insert into WorkShift (wsid, h1, h2, h3, h4, h5, h6, h7, h8, h9, h10, h11, h12) values (8, true, false, true, true, true, false, false, false, true, true, false, true);
insert into WorkShift (wsid, h1, h2, h3, h4, h5, h6, h7, h8, h9, h10, h11, h12) values (9, true, true, false, false, true, true, false, false, true, true, false, false);
insert into WorkShift (wsid, h1, h2, h3, h4, h5, h6, h7, h8, h9, h10, h11, h12) values (10, true, true, false, false, true, false, true, true, true, false, true, false);
insert into WorkShift (wsid, h1, h2, h3, h4, h5, h6, h7, h8, h9, h10, h11, h12) values (11, false, false, true, true, false, true, true, false, true, true, false, false);
insert into WorkShift (wsid, h1, h2, h3, h4, h5, h6, h7, h8, h9, h10, h11, h12) values (12, true, true, false, false, false, false, true, false, false, true, true, true);
insert into WorkShift (wsid, h1, h2, h3, h4, h5, h6, h7, h8, h9, h10, h11, h12) values (13, false, false, true, false, true, false, false, false, false, false, true, false);
insert into WorkShift (wsid, h1, h2, h3, h4, h5, h6, h7, h8, h9, h10, h11, h12) values (14, true, false, false, true, true, false, true, true, false, false, false, true);

ALTER SEQUENCE workshift_wsid_seq RESTART WITH 15;

INSERT INTO WWS VALUES (51,1,1,1,1,1,0,0),(52,1,1,1,1,1,0,0),(53,1,1,1,1,1,0,0),(54,1,1,1,1,1,0,0),(55,1,1,1,1,1,0,0);
INSERT INTO WWS VALUES (56,0,0,1,1,1,1,1),(57,0,0,1,1,1,1,1),(58,0,0,1,1,1,1,1),(59,0,0,1,1,1,1,1),(60,0,0,1,1,1,1,1);
INSERT INTO WWS VALUES (61,4,4,4,4,4,0,0),(62,4,4,4,4,4,0,0),(63,4,4,4,4,4,0,0),(64,4,4,4,4,4,0,0),(65,4,4,4,4,4,0,0);
INSERT INTO WWS VALUES (66,0,0,4,4,4,4,4),(67,0,0,4,4,4,4,4),(68,0,0,4,4,4,4,4),(69,0,0,4,4,4,4,4),(70,0,0,4,4,4,4,4);

insert into WWS (empid, Monday, Tuesday, Wednesday, Thursday, Friday, Saturday, Sunday) values (71, 5, 6, 12, 8, 8, 8, 12);
insert into WWS (empid, Monday, Tuesday, Wednesday, Thursday, Friday, Saturday, Sunday) values (72, 8, 12, 9, 14, 14, 13, 10);
insert into WWS (empid, Monday, Tuesday, Wednesday, Thursday, Friday, Saturday, Sunday) values (73, 11, 12, 12, 10, 14, 5, 7);
insert into WWS (empid, Monday, Tuesday, Wednesday, Thursday, Friday, Saturday, Sunday) values (74, 13, 11, 14, 5, 12, 7, 9);
insert into WWS (empid, Monday, Tuesday, Wednesday, Thursday, Friday, Saturday, Sunday) values (75, 5, 12, 14, 11, 8, 13, 11);
insert into WWS (empid, Monday, Tuesday, Wednesday, Thursday, Friday, Saturday, Sunday) values (76, 6, 10, 8, 7, 11, 11, 5);
insert into WWS (empid, Monday, Tuesday, Wednesday, Thursday, Friday, Saturday, Sunday) values (77, 13, 14, 9, 10, 14, 12, 8);
insert into WWS (empid, Monday, Tuesday, Wednesday, Thursday, Friday, Saturday, Sunday) values (78, 6, 6, 10, 14, 10, 14, 8);
insert into WWS (empid, Monday, Tuesday, Wednesday, Thursday, Friday, Saturday, Sunday) values (79, 6, 7, 9, 14, 12, 6, 14);
insert into WWS (empid, Monday, Tuesday, Wednesday, Thursday, Friday, Saturday, Sunday) values (80, 8, 5, 14, 10, 9, 6, 6);


-- Mock data for Restaurants

insert into Restaurants (rid, rname, min_order_cost) values (1, 'Moen, Toy and Homenick', 73);
insert into Restaurants (rid, rname, min_order_cost) values (2, 'Monahan Group', 97);
insert into Restaurants (rid, rname, min_order_cost) values (3, 'Heathcote, Vandervort and Cassin', 73);
insert into Restaurants (rid, rname, min_order_cost) values (4, 'Bartoletti, Rohan and Koelpin', 45);
insert into Restaurants (rid, rname, min_order_cost) values (5, 'Bailey-Boyer', 61);
insert into Restaurants (rid, rname, min_order_cost) values (6, 'Shanahan, Hand and Welch', 78);
insert into Restaurants (rid, rname, min_order_cost) values (7, 'Pouros LLC', 40);
insert into Restaurants (rid, rname, min_order_cost) values (8, 'Stroman-Ledner', 11);
insert into Restaurants (rid, rname, min_order_cost) values (9, 'Schmidt Group', 54);
insert into Restaurants (rid, rname, min_order_cost) values (10, 'Parisian, Raynor and Kuhn', 29);

alter sequence Restaurants_rid_seq restart with 11;

insert into RestaurantStaff (rsid, rs_first_name, rs_last_name, email, rspassword, rid) values (1, 'Jarvis', 'Cady', 'jcady0@themeforest.net', 'Psroh0', 10);
insert into RestaurantStaff (rsid, rs_first_name, rs_last_name, email, rspassword, rid) values (2, 'Lorinda', 'Grise', 'lgrise1@rediff.com', 'i3ncjeB3DO', 4);
insert into RestaurantStaff (rsid, rs_first_name, rs_last_name, email, rspassword, rid) values (3, 'Joana', 'Deely', 'jdeely2@npr.org', 'JVzonipLi', 2);
insert into RestaurantStaff (rsid, rs_first_name, rs_last_name, email, rspassword, rid) values (4, 'Sissie', 'Senton', 'ssenton3@europa.eu', 'PRGZOIDC0q', 4);
insert into RestaurantStaff (rsid, rs_first_name, rs_last_name, email, rspassword, rid) values (5, 'Brigg', 'Raffels', 'braffels4@reddit.com', 'wWf3aSci', 10);
insert into RestaurantStaff (rsid, rs_first_name, rs_last_name, email, rspassword, rid) values (6, 'Wilden', 'Dayce', 'wdayce5@oracle.com', 'acnQrBzs7', 3);
insert into RestaurantStaff (rsid, rs_first_name, rs_last_name, email, rspassword, rid) values (7, 'Tammara', 'MacGoun', 'tmacgoun6@deliciousdays.com', 'WSNVLMnMI', 2);
insert into RestaurantStaff (rsid, rs_first_name, rs_last_name, email, rspassword, rid) values (8, 'Sylvia', 'Barnwill', 'sbarnwill7@seesaa.net', '8nkG2YQDiW', 1);
insert into RestaurantStaff (rsid, rs_first_name, rs_last_name, email, rspassword, rid) values (9, 'Gayel', 'Moan', 'gmoan8@meetup.com', 'sFquF53', 6);
insert into RestaurantStaff (rsid, rs_first_name, rs_last_name, email, rspassword, rid) values (10, 'Anett', 'Usherwood', 'ausherwood9@live.com', 'tPxQBUjXf', 6);
insert into RestaurantStaff (rsid, rs_first_name, rs_last_name, email, rspassword, rid) values (11, 'Jaimie', 'Saunter', 'jsauntera@squidoo.com', 'yromV9', 3);
insert into RestaurantStaff (rsid, rs_first_name, rs_last_name, email, rspassword, rid) values (12, 'Agna', 'Andriveau', 'aandriveaub@statcounter.com', 'a2mtMFbQIh', 5);
insert into RestaurantStaff (rsid, rs_first_name, rs_last_name, email, rspassword, rid) values (13, 'Quent', 'Estabrook', 'qestabrookc@moonfruit.com', 'O9FhPG1UY', 8);
insert into RestaurantStaff (rsid, rs_first_name, rs_last_name, email, rspassword, rid) values (14, 'Chiquita', 'Wickwar', 'cwickward@samsung.com', 'gnJzg3ZsEl', 1);
insert into RestaurantStaff (rsid, rs_first_name, rs_last_name, email, rspassword, rid) values (15, 'Cirillo', 'Mc Gee', 'cmcgeee@ed.gov', 'zyS4MIFgb7p', 5);
insert into RestaurantStaff (rsid, rs_first_name, rs_last_name, email, rspassword, rid) values (16, 'Dino', 'Newlove', 'dnewlovef@sfgate.com', '1gtlDHj8tn8H', 2);
insert into RestaurantStaff (rsid, rs_first_name, rs_last_name, email, rspassword, rid) values (17, 'Merv', 'Peealess', 'mpeealessg@blogspot.com', 'M7wyTAzyc', 10);
insert into RestaurantStaff (rsid, rs_first_name, rs_last_name, email, rspassword, rid) values (18, 'Valentijn', 'Thwaites', 'vthwaitesh@etsy.com', 'uJzGZFag5ty', 7);
insert into RestaurantStaff (rsid, rs_first_name, rs_last_name, email, rspassword, rid) values (19, 'Burl', 'Fenlon', 'bfenloni@vistaprint.com', 'iBPhS7Vp1P3', 4);
insert into RestaurantStaff (rsid, rs_first_name, rs_last_name, email, rspassword, rid) values (20, 'Eimile', 'Rivers', 'eriversj@bluehost.com', 'k9vyGMlIA', 5);
insert into RestaurantStaff (rsid, rs_first_name, rs_last_name, email, rspassword, rid) values (21, 'Tiffy', 'Crossgrove', 'tcrossgrovek@nasa.gov', 'w7M0o5ZPOP50', 9);
insert into RestaurantStaff (rsid, rs_first_name, rs_last_name, email, rspassword, rid) values (22, 'Laurene', 'Schwand', 'lschwandl@ed.gov', 'fTydvs', 10);
insert into RestaurantStaff (rsid, rs_first_name, rs_last_name, email, rspassword, rid) values (23, 'Trev', 'Eilers', 'teilersm@pagesperso-orange.fr', 'rskJ7Ejjr', 3);
insert into RestaurantStaff (rsid, rs_first_name, rs_last_name, email, rspassword, rid) values (24, 'Marin', 'Longwood', 'mlongwoodn@loc.gov', 'rOHWfJ', 1);
insert into RestaurantStaff (rsid, rs_first_name, rs_last_name, email, rspassword, rid) values (25, 'Karyn', 'Scardifeild', 'kscardifeildo@pinterest.com', 'vK5VR6BjGnOn', 5);
insert into RestaurantStaff (rsid, rs_first_name, rs_last_name, email, rspassword, rid) values (26, 'Cristine', 'Walisiak', 'cwalisiakp@4shared.com', 'c7AIhi', 6);
insert into RestaurantStaff (rsid, rs_first_name, rs_last_name, email, rspassword, rid) values (27, 'Ynes', 'Grayshan', 'ygrayshanq@army.mil', 'nXARy5', 5);
insert into RestaurantStaff (rsid, rs_first_name, rs_last_name, email, rspassword, rid) values (28, 'Chauncey', 'Scamerdine', 'cscamerdiner@guardian.co.uk', '4QdjZdOa7', 1);
insert into RestaurantStaff (rsid, rs_first_name, rs_last_name, email, rspassword, rid) values (29, 'Sisely', 'Tow', 'stows@usgs.gov', 'AUEn30JRjah', 6);
insert into RestaurantStaff (rsid, rs_first_name, rs_last_name, email, rspassword, rid) values (30, 'Kalindi', 'Llewellyn', 'kllewellynt@paypal.com', 'PqVFsEB7t', 10);
insert into RestaurantStaff (rsid, rs_first_name, rs_last_name, email, rspassword, rid) values (31, 'Ely', 'Van Haeften', 'evanhaeftenu@columbia.edu', 'Nn9wcm2P', 1);
insert into RestaurantStaff (rsid, rs_first_name, rs_last_name, email, rspassword, rid) values (32, 'Blair', 'Copelli', 'bcopelliv@bravesites.com', 'gba9p7s', 5);
insert into RestaurantStaff (rsid, rs_first_name, rs_last_name, email, rspassword, rid) values (33, 'Harman', 'Cresswell', 'hcresswellw@businesswire.com', '7JBXqw3lbT', 8);
insert into RestaurantStaff (rsid, rs_first_name, rs_last_name, email, rspassword, rid) values (34, 'Darryl', 'McTague', 'dmctaguex@delicious.com', 'tMmBs6hmqfl', 9);
insert into RestaurantStaff (rsid, rs_first_name, rs_last_name, email, rspassword, rid) values (35, 'Pablo', 'Bowater', 'pbowatery@examiner.com', 'y3MtVj', 1);
insert into RestaurantStaff (rsid, rs_first_name, rs_last_name, email, rspassword, rid) values (36, 'Farris', 'Weaving', 'fweavingz@reverbnation.com', 'G8up6x6', 9);
insert into RestaurantStaff (rsid, rs_first_name, rs_last_name, email, rspassword, rid) values (37, 'Ursulina', 'Alvey', 'ualvey10@exblog.jp', 'oR92Ng3', 7);
insert into RestaurantStaff (rsid, rs_first_name, rs_last_name, email, rspassword, rid) values (38, 'Charity', 'Trueman', 'ctrueman11@answers.com', 'Gklggwj8MK1', 6);
insert into RestaurantStaff (rsid, rs_first_name, rs_last_name, email, rspassword, rid) values (39, 'Meagan', 'Ogilvie', 'mogilvie12@cloudflare.com', 'Vxe0n6199B', 10);
insert into RestaurantStaff (rsid, rs_first_name, rs_last_name, email, rspassword, rid) values (40, 'Sheryl', 'Shawl', 'sshawl13@loc.gov', '8q1lFCYfr', 5);
insert into RestaurantStaff (rsid, rs_first_name, rs_last_name, email, rspassword, rid) values (41, 'Josi', 'Mitie', 'jmitie14@php.net', 'g3y6ZR', 4);
insert into RestaurantStaff (rsid, rs_first_name, rs_last_name, email, rspassword, rid) values (42, 'Christopher', 'Hann', 'chann15@squidoo.com', 'fbpqFWs', 6);
insert into RestaurantStaff (rsid, rs_first_name, rs_last_name, email, rspassword, rid) values (43, 'Cristian', 'Somersett', 'csomersett16@lycos.com', 'bS8QXyeGq', 10);
insert into RestaurantStaff (rsid, rs_first_name, rs_last_name, email, rspassword, rid) values (44, 'Ferdinand', 'Chelsom', 'fchelsom17@twitter.com', '1E9jHMtfvh', 1);
insert into RestaurantStaff (rsid, rs_first_name, rs_last_name, email, rspassword, rid) values (45, 'Gunter', 'Snoxall', 'gsnoxall18@mac.com', 'moAckjMdA6', 10);
insert into RestaurantStaff (rsid, rs_first_name, rs_last_name, email, rspassword, rid) values (46, 'Karil', 'Letham', 'kletham19@wikipedia.org', 'tbPL58yqw', 8);
insert into RestaurantStaff (rsid, rs_first_name, rs_last_name, email, rspassword, rid) values (47, 'Cristi', 'Bareford', 'cbareford1a@cnn.com', 'CAADcrx2f', 3);
insert into RestaurantStaff (rsid, rs_first_name, rs_last_name, email, rspassword, rid) values (48, 'Moira', 'Grumble', 'mgrumble1b@google.es', 'vbTl3Zz9F9xw', 9);
insert into RestaurantStaff (rsid, rs_first_name, rs_last_name, email, rspassword, rid) values (49, 'Morey', 'Barthelme', 'mbarthelme1c@moonfruit.com', 'R5nl15eTT1N', 7);
insert into RestaurantStaff (rsid, rs_first_name, rs_last_name, email, rspassword, rid) values (50, 'Ella', 'McLennan', 'emclennan1d@mozilla.org', 'ER6tjhuqRh8', 6);
insert into RestaurantStaff (rsid, rs_first_name, rs_last_name, email, rspassword, rid) values (51, 'Marissa', 'Bazoche', 'mbazoche1e@lycos.com', 'VPNIN62b4', 1);
insert into RestaurantStaff (rsid, rs_first_name, rs_last_name, email, rspassword, rid) values (52, 'Noellyn', 'Sousa', 'nsousa1f@youtube.com', 'SqZmWCQK', 4);
insert into RestaurantStaff (rsid, rs_first_name, rs_last_name, email, rspassword, rid) values (53, 'Luella', 'Grioli', 'lgrioli1g@timesonline.co.uk', 'Py41oF24thH', 3);
insert into RestaurantStaff (rsid, rs_first_name, rs_last_name, email, rspassword, rid) values (54, 'Frasquito', 'Nisbith', 'fnisbith1h@comcast.net', 'LyqhVK', 7);
insert into RestaurantStaff (rsid, rs_first_name, rs_last_name, email, rspassword, rid) values (55, 'Amery', 'Mawford', 'amawford1i@delicious.com', 'WPHWxi', 6);
insert into RestaurantStaff (rsid, rs_first_name, rs_last_name, email, rspassword, rid) values (56, 'Leopold', 'Boswell', 'lboswell1j@boston.com', 'q8hTazeHT', 6);
insert into RestaurantStaff (rsid, rs_first_name, rs_last_name, email, rspassword, rid) values (57, 'Garrek', 'Ferrao', 'gferrao1k@salon.com', 'xhLDozVSZU', 4);
insert into RestaurantStaff (rsid, rs_first_name, rs_last_name, email, rspassword, rid) values (58, 'Haleigh', 'Freed', 'hfreed1l@sphinn.com', 'NDPU84Ow', 1);
insert into RestaurantStaff (rsid, rs_first_name, rs_last_name, email, rspassword, rid) values (59, 'Lia', 'Korneev', 'lkorneev1m@yahoo.com', 'tEcCiIPV7q99', 9);
insert into RestaurantStaff (rsid, rs_first_name, rs_last_name, email, rspassword, rid) values (60, 'Janet', 'Fretwell', 'jfretwell1n@statcounter.com', 'OqMLnapqo', 10);
insert into RestaurantStaff (rsid, rs_first_name, rs_last_name, email, rspassword, rid) values (61, 'Harv', 'Luigi', 'hluigi1o@joomla.org', '06dC67oKJ1F', 7);
insert into RestaurantStaff (rsid, rs_first_name, rs_last_name, email, rspassword, rid) values (62, 'Karisa', 'Arlet', 'karlet1p@reverbnation.com', 'S22veml', 6);
insert into RestaurantStaff (rsid, rs_first_name, rs_last_name, email, rspassword, rid) values (63, 'Allys', 'Paff', 'apaff1q@yolasite.com', 'qr1aIWZG1Ouq', 5);
insert into RestaurantStaff (rsid, rs_first_name, rs_last_name, email, rspassword, rid) values (64, 'Vince', 'Kamienski', 'vkamienski1r@wikispaces.com', 'yQqJb4AvDZ', 2);
insert into RestaurantStaff (rsid, rs_first_name, rs_last_name, email, rspassword, rid) values (65, 'Zared', 'Judron', 'zjudron1s@ning.com', 'ol9a82vYp1qS', 3);
insert into RestaurantStaff (rsid, rs_first_name, rs_last_name, email, rspassword, rid) values (66, 'Torrence', 'Mourge', 'tmourge1t@cafepress.com', '0xWdWI62Kpvc', 3);
insert into RestaurantStaff (rsid, rs_first_name, rs_last_name, email, rspassword, rid) values (67, 'Ede', 'Hinckes', 'ehinckes1u@flickr.com', 'z4xzFo1Rnnhr', 5);
insert into RestaurantStaff (rsid, rs_first_name, rs_last_name, email, rspassword, rid) values (68, 'Wren', 'Russe', 'wrusse1v@domainmarket.com', 'E8WTlu', 8);
insert into RestaurantStaff (rsid, rs_first_name, rs_last_name, email, rspassword, rid) values (69, 'Alane', 'Center', 'acenter1w@walmart.com', '4cgrHmHmSuk', 5);
insert into RestaurantStaff (rsid, rs_first_name, rs_last_name, email, rspassword, rid) values (70, 'Adler', 'Reddan', 'areddan1x@telegraph.co.uk', 'r38xQ6', 10);
insert into RestaurantStaff (rsid, rs_first_name, rs_last_name, email, rspassword, rid) values (71, 'Erin', 'Dawltrey', 'edawltrey1y@paginegialle.it', 'd3QIx6NJAA', 9);
insert into RestaurantStaff (rsid, rs_first_name, rs_last_name, email, rspassword, rid) values (72, 'Suzanna', 'Ruit', 'sruit1z@seattletimes.com', '7oEgeBUY', 5);
insert into RestaurantStaff (rsid, rs_first_name, rs_last_name, email, rspassword, rid) values (73, 'Tarrance', 'Wand', 'twand20@360.cn', 'BrcjXCxPIVBz', 10);
insert into RestaurantStaff (rsid, rs_first_name, rs_last_name, email, rspassword, rid) values (74, 'Vicki', 'Sprigging', 'vsprigging21@goodreads.com', 'Hwu6rh5IqhlG', 7);
insert into RestaurantStaff (rsid, rs_first_name, rs_last_name, email, rspassword, rid) values (75, 'Mitchael', 'Tremayne', 'mtremayne22@disqus.com', 'evJzFyppeXu3', 6);
insert into RestaurantStaff (rsid, rs_first_name, rs_last_name, email, rspassword, rid) values (76, 'Charo', 'Staning', 'cstaning23@ovh.net', 'AS2bn5V', 10);
insert into RestaurantStaff (rsid, rs_first_name, rs_last_name, email, rspassword, rid) values (77, 'Cecil', 'Crevagh', 'ccrevagh24@fema.gov', 'JBPFGLO', 7);
insert into RestaurantStaff (rsid, rs_first_name, rs_last_name, email, rspassword, rid) values (78, 'Inesita', 'Baistow', 'ibaistow25@godaddy.com', 'X0ymWygkH8', 7);
insert into RestaurantStaff (rsid, rs_first_name, rs_last_name, email, rspassword, rid) values (79, 'Quintin', 'Isitt', 'qisitt26@gnu.org', 'sAx6JR', 6);
insert into RestaurantStaff (rsid, rs_first_name, rs_last_name, email, rspassword, rid) values (80, 'Chick', 'Ethridge', 'cethridge27@surveymonkey.com', 'jD6RcUU9yHMZ', 7);
insert into RestaurantStaff (rsid, rs_first_name, rs_last_name, email, rspassword, rid) values (81, 'Donnie', 'Lehrian', 'dlehrian28@hugedomains.com', '5u6L8x18J', 2);
insert into RestaurantStaff (rsid, rs_first_name, rs_last_name, email, rspassword, rid) values (82, 'Carolee', 'Broader', 'cbroader29@delicious.com', 'PoQUYoQorR', 5);
insert into RestaurantStaff (rsid, rs_first_name, rs_last_name, email, rspassword, rid) values (83, 'Florence', 'Shoosmith', 'fshoosmith2a@multiply.com', 'PLOjHwKkvR', 3);
insert into RestaurantStaff (rsid, rs_first_name, rs_last_name, email, rspassword, rid) values (84, 'Cindie', 'Heeley', 'cheeley2b@dagondesign.com', 'P48IMD2', 1);
insert into RestaurantStaff (rsid, rs_first_name, rs_last_name, email, rspassword, rid) values (85, 'Dukey', 'Girardet', 'dgirardet2c@pen.io', '4GmULdlYOv', 1);
insert into RestaurantStaff (rsid, rs_first_name, rs_last_name, email, rspassword, rid) values (86, 'Ingram', 'De la Feld', 'idelafeld2d@edublogs.org', '8QThDq', 7);
insert into RestaurantStaff (rsid, rs_first_name, rs_last_name, email, rspassword, rid) values (87, 'Laughton', 'Dealy', 'ldealy2e@businesswire.com', 'Sumlpv', 2);
insert into RestaurantStaff (rsid, rs_first_name, rs_last_name, email, rspassword, rid) values (88, 'Tani', 'McGaw', 'tmcgaw2f@t-online.de', 'J4kRrbP', 10);
insert into RestaurantStaff (rsid, rs_first_name, rs_last_name, email, rspassword, rid) values (89, 'Scot', 'Siviter', 'ssiviter2g@ask.com', 'wzMrGj', 9);
insert into RestaurantStaff (rsid, rs_first_name, rs_last_name, email, rspassword, rid) values (90, 'Bendick', 'Maccaig', 'bmaccaig2h@chronoengine.com', '4SCQRGAK', 4);
insert into RestaurantStaff (rsid, rs_first_name, rs_last_name, email, rspassword, rid) values (91, 'Claudina', 'Cavill', 'ccavill2i@google.co.jp', 'lzvcd6BXtseM', 3);
insert into RestaurantStaff (rsid, rs_first_name, rs_last_name, email, rspassword, rid) values (92, 'Eve', 'Shilito', 'eshilito2j@nationalgeographic.com', 'XtTBfiu294', 6);
insert into RestaurantStaff (rsid, rs_first_name, rs_last_name, email, rspassword, rid) values (93, 'Myrta', 'Bucham', 'mbucham2k@shinystat.com', '3o7wQWywC', 4);
insert into RestaurantStaff (rsid, rs_first_name, rs_last_name, email, rspassword, rid) values (94, 'Sonny', 'Esberger', 'sesberger2l@nytimes.com', 'UegGvcGPg8', 5);
insert into RestaurantStaff (rsid, rs_first_name, rs_last_name, email, rspassword, rid) values (95, 'Pepito', 'Ferry', 'pferry2m@harvard.edu', '1x4EA940cjwH', 4);
insert into RestaurantStaff (rsid, rs_first_name, rs_last_name, email, rspassword, rid) values (96, 'Jeramie', 'Crenage', 'jcrenage2n@huffingtonpost.com', 'NVO5nUVwp', 4);
insert into RestaurantStaff (rsid, rs_first_name, rs_last_name, email, rspassword, rid) values (97, 'Anna-maria', 'Connelly', 'aconnelly2o@weather.com', 'LBKOn1f', 6);
insert into RestaurantStaff (rsid, rs_first_name, rs_last_name, email, rspassword, rid) values (98, 'Amos', 'Screaton', 'ascreaton2p@sourceforge.net', 'KFH0dSW0ac', 10);
insert into RestaurantStaff (rsid, rs_first_name, rs_last_name, email, rspassword, rid) values (99, 'Esdras', 'Salzberger', 'esalzberger2q@smh.com.au', 'HNUkYhe05bqI', 6);
insert into RestaurantStaff (rsid, rs_first_name, rs_last_name, email, rspassword, rid) values (100, 'Stephen', 'Ashburner', 'sashburner2r@joomla.org', '33WaIB7tha', 3);
insert into RestaurantStaff (rsid, rs_first_name, rs_last_name, email, rspassword, rid) values (101, 'Parsifal', 'Hawley', 'phawley2s@economist.com', 'ENwQzHf5C', 4);
insert into RestaurantStaff (rsid, rs_first_name, rs_last_name, email, rspassword, rid) values (102, 'Meg', 'Rangeley', 'mrangeley2t@digg.com', 'Wc7dqPKwQ6', 5);
insert into RestaurantStaff (rsid, rs_first_name, rs_last_name, email, rspassword, rid) values (103, 'Adam', 'Coupe', 'acoupe2u@miibeian.gov.cn', 'DWbIVAbg', 6);
insert into RestaurantStaff (rsid, rs_first_name, rs_last_name, email, rspassword, rid) values (104, 'Marsiella', 'Venour', 'mvenour2v@geocities.com', 'Lvpr3m', 7);
insert into RestaurantStaff (rsid, rs_first_name, rs_last_name, email, rspassword, rid) values (105, 'Patrizius', 'Wykes', 'pwykes2w@shutterfly.com', '9w7vIz7TT', 1);
insert into RestaurantStaff (rsid, rs_first_name, rs_last_name, email, rspassword, rid) values (106, 'Sax', 'O''Siaghail', 'sosiaghail2x@nih.gov', 'zfh5J2xj', 5);
insert into RestaurantStaff (rsid, rs_first_name, rs_last_name, email, rspassword, rid) values (107, 'Phebe', 'Buddington', 'pbuddington2y@tinypic.com', 'rxAuq9OdU', 9);
insert into RestaurantStaff (rsid, rs_first_name, rs_last_name, email, rspassword, rid) values (108, 'Suzanna', 'McGinley', 'smcginley2z@bbc.co.uk', 'kG4otRL', 4);
insert into RestaurantStaff (rsid, rs_first_name, rs_last_name, email, rspassword, rid) values (109, 'Damiano', 'Grangier', 'dgrangier30@ocn.ne.jp', 'CWz9rTKuy', 4);
insert into RestaurantStaff (rsid, rs_first_name, rs_last_name, email, rspassword, rid) values (110, 'Jo', 'Mustill', 'jmustill31@amazon.com', 'WZBmY5x', 4);
insert into RestaurantStaff (rsid, rs_first_name, rs_last_name, email, rspassword, rid) values (111, 'Sydney', 'Vassel', 'svassel32@harvard.edu', 'E4kp4rhu', 1);
insert into RestaurantStaff (rsid, rs_first_name, rs_last_name, email, rspassword, rid) values (112, 'Sallyanne', 'Caws', 'scaws33@dion.ne.jp', 'Tu3f5PTvIB', 9);
insert into RestaurantStaff (rsid, rs_first_name, rs_last_name, email, rspassword, rid) values (113, 'Theda', 'Hillock', 'thillock34@networkadvertising.org', 'ni4mErEUb', 10);
insert into RestaurantStaff (rsid, rs_first_name, rs_last_name, email, rspassword, rid) values (114, 'Miner', 'Klais', 'mklais35@bravesites.com', 'KnELd8QLR', 10);
insert into RestaurantStaff (rsid, rs_first_name, rs_last_name, email, rspassword, rid) values (115, 'Tammy', 'Duddle', 'tduddle36@friendfeed.com', 'silRGie2n', 5);
insert into RestaurantStaff (rsid, rs_first_name, rs_last_name, email, rspassword, rid) values (116, 'Cherlyn', 'Gittings', 'cgittings37@skype.com', 'fZqhJS9', 4);
insert into RestaurantStaff (rsid, rs_first_name, rs_last_name, email, rspassword, rid) values (117, 'Cam', 'Bootes', 'cbootes38@nyu.edu', '6wSkTJPY', 10);
insert into RestaurantStaff (rsid, rs_first_name, rs_last_name, email, rspassword, rid) values (118, 'Laney', 'Montacute', 'lmontacute39@ca.gov', 'mcX82Lw4T', 2);
insert into RestaurantStaff (rsid, rs_first_name, rs_last_name, email, rspassword, rid) values (119, 'Theresina', 'Allabush', 'tallabush3a@dell.com', 'Wm0GCdNCHh', 4);
insert into RestaurantStaff (rsid, rs_first_name, rs_last_name, email, rspassword, rid) values (120, 'Nester', 'Durdy', 'ndurdy3b@nyu.edu', 'ojEY3H90', 10);
insert into RestaurantStaff (rsid, rs_first_name, rs_last_name, email, rspassword, rid) values (121, 'Leodora', 'Ottam', 'lottam3c@google.nl', 'lpTj5j', 1);
insert into RestaurantStaff (rsid, rs_first_name, rs_last_name, email, rspassword, rid) values (122, 'Darcy', 'Yakovich', 'dyakovich3d@amazon.com', '1t6uBEGd702Q', 1);
insert into RestaurantStaff (rsid, rs_first_name, rs_last_name, email, rspassword, rid) values (123, 'Roderick', 'Hammett', 'rhammett3e@usgs.gov', 'c92QMB5dVzng', 2);
insert into RestaurantStaff (rsid, rs_first_name, rs_last_name, email, rspassword, rid) values (124, 'Debi', 'Kenward', 'dkenward3f@example.com', 'BoQuZJRM6MT', 2);
insert into RestaurantStaff (rsid, rs_first_name, rs_last_name, email, rspassword, rid) values (125, 'Ina', 'Hasloch', 'ihasloch3g@bravesites.com', 'uF6ZmLEhD', 3);
insert into RestaurantStaff (rsid, rs_first_name, rs_last_name, email, rspassword, rid) values (126, 'Avictor', 'Keaveny', 'akeaveny3h@ustream.tv', '2otPnp8V', 9);
insert into RestaurantStaff (rsid, rs_first_name, rs_last_name, email, rspassword, rid) values (127, 'George', 'Vanyatin', 'gvanyatin3i@pen.io', '1QA5sDlkD0Tl', 9);
insert into RestaurantStaff (rsid, rs_first_name, rs_last_name, email, rspassword, rid) values (128, 'Camey', 'Klaiser', 'cklaiser3j@cocolog-nifty.com', 'BOW2Xr', 9);
insert into RestaurantStaff (rsid, rs_first_name, rs_last_name, email, rspassword, rid) values (129, 'Gracie', 'Athersmith', 'gathersmith3k@wsj.com', 'Z8IVBmv', 8);
insert into RestaurantStaff (rsid, rs_first_name, rs_last_name, email, rspassword, rid) values (130, 'Harley', 'Vobes', 'hvobes3l@friendfeed.com', 'pq8aaTOmpRTw', 9);
insert into RestaurantStaff (rsid, rs_first_name, rs_last_name, email, rspassword, rid) values (131, 'Sarina', 'Treend', 'streend3m@jigsy.com', 'wDnoIZxNYb', 2);
insert into RestaurantStaff (rsid, rs_first_name, rs_last_name, email, rspassword, rid) values (132, 'Maynard', 'Dalglish', 'mdalglish3n@cdc.gov', '7wjT416', 4);
insert into RestaurantStaff (rsid, rs_first_name, rs_last_name, email, rspassword, rid) values (133, 'Kristoforo', 'Mendoza', 'kmendoza3o@sciencedaily.com', '2FnUgOhT', 10);
insert into RestaurantStaff (rsid, rs_first_name, rs_last_name, email, rspassword, rid) values (134, 'Thia', 'Riche', 'triche3p@domainmarket.com', '77Skyj6iTXQ', 9);
insert into RestaurantStaff (rsid, rs_first_name, rs_last_name, email, rspassword, rid) values (135, 'Lenna', 'Lincoln', 'llincoln3q@dyndns.org', 'YKxRXSEM', 8);
insert into RestaurantStaff (rsid, rs_first_name, rs_last_name, email, rspassword, rid) values (136, 'Florry', 'Broadfoot', 'fbroadfoot3r@reuters.com', 'UO9wMUphl1', 3);
insert into RestaurantStaff (rsid, rs_first_name, rs_last_name, email, rspassword, rid) values (137, 'Wilton', 'Duiguid', 'wduiguid3s@amazon.co.uk', 'V8AReDO8', 6);
insert into RestaurantStaff (rsid, rs_first_name, rs_last_name, email, rspassword, rid) values (138, 'Lowrance', 'Van Eeden', 'lvaneeden3t@dion.ne.jp', 'KZHlIfXF3Vo1', 8);
insert into RestaurantStaff (rsid, rs_first_name, rs_last_name, email, rspassword, rid) values (139, 'Aidan', 'Bearne', 'abearne3u@symantec.com', 'MGzbOcyE', 5);
insert into RestaurantStaff (rsid, rs_first_name, rs_last_name, email, rspassword, rid) values (140, 'Latisha', 'Atterbury', 'latterbury3v@taobao.com', 'aYD2zEdMlFRN', 1);
insert into RestaurantStaff (rsid, rs_first_name, rs_last_name, email, rspassword, rid) values (141, 'Jone', 'Morden', 'jmorden3w@illinois.edu', '9OF452DlqSuI', 7);
insert into RestaurantStaff (rsid, rs_first_name, rs_last_name, email, rspassword, rid) values (142, 'Ivette', 'Crossgrove', 'icrossgrove3x@gizmodo.com', 'W3AzZm', 3);
insert into RestaurantStaff (rsid, rs_first_name, rs_last_name, email, rspassword, rid) values (143, 'Delphinia', 'Jobbings', 'djobbings3y@instagram.com', 'JvENggBYB', 1);
insert into RestaurantStaff (rsid, rs_first_name, rs_last_name, email, rspassword, rid) values (144, 'Winnie', 'Hallawell', 'whallawell3z@pinterest.com', 'DMa8RM506V', 3);
insert into RestaurantStaff (rsid, rs_first_name, rs_last_name, email, rspassword, rid) values (145, 'Wynn', 'Bes', 'wbes40@senate.gov', 'NEaYp0KoJ', 3);
insert into RestaurantStaff (rsid, rs_first_name, rs_last_name, email, rspassword, rid) values (146, 'Vilhelmina', 'Frere', 'vfrere41@ifeng.com', 'd6SoqAI', 8);
insert into RestaurantStaff (rsid, rs_first_name, rs_last_name, email, rspassword, rid) values (147, 'Philbert', 'Lusty', 'plusty42@de.vu', 'cna7JxxJ', 9);
insert into RestaurantStaff (rsid, rs_first_name, rs_last_name, email, rspassword, rid) values (148, 'Nancee', 'Chazerand', 'nchazerand43@disqus.com', 'wPNlkc9u', 5);
insert into RestaurantStaff (rsid, rs_first_name, rs_last_name, email, rspassword, rid) values (149, 'Onofredo', 'Folini', 'ofolini44@phpbb.com', 'YdTIeXM7', 10);
insert into RestaurantStaff (rsid, rs_first_name, rs_last_name, email, rspassword, rid) values (150, 'Edouard', 'Cona', 'econa45@people.com.cn', 'pIwK8mgPqgkL', 4);
insert into RestaurantStaff (rsid, rs_first_name, rs_last_name, email, rspassword, rid) values (151, 'Rodney', 'Klainman', 'rklainman46@jiathis.com', 'sSSOaErkqz', 5);
insert into RestaurantStaff (rsid, rs_first_name, rs_last_name, email, rspassword, rid) values (152, 'Louie', 'Enochsson', 'lenochsson47@newyorker.com', 'CDAJZepwY', 9);
insert into RestaurantStaff (rsid, rs_first_name, rs_last_name, email, rspassword, rid) values (153, 'Oliver', 'Kopps', 'okopps48@macromedia.com', 'Ac992zGnLPs', 7);
insert into RestaurantStaff (rsid, rs_first_name, rs_last_name, email, rspassword, rid) values (154, 'Myra', 'Wayon', 'mwayon49@sun.com', 'qVlcFMthhu8', 10);
insert into RestaurantStaff (rsid, rs_first_name, rs_last_name, email, rspassword, rid) values (155, 'Alberta', 'Crinkley', 'acrinkley4a@vinaora.com', '91HlUuGgQ7p', 7);
insert into RestaurantStaff (rsid, rs_first_name, rs_last_name, email, rspassword, rid) values (156, 'Ado', 'Lyosik', 'alyosik4b@aboutads.info', 'jDoypBQzC', 9);
insert into RestaurantStaff (rsid, rs_first_name, rs_last_name, email, rspassword, rid) values (157, 'Elaine', 'McRorie', 'emcrorie4c@addthis.com', 'WAO8pDl6NP', 3);
insert into RestaurantStaff (rsid, rs_first_name, rs_last_name, email, rspassword, rid) values (158, 'Norina', 'Sansome', 'nsansome4d@phpbb.com', 'mmXzwafv8O', 10);
insert into RestaurantStaff (rsid, rs_first_name, rs_last_name, email, rspassword, rid) values (159, 'Inesita', 'Greally', 'igreally4e@cafepress.com', 'am3Pgh4', 9);
insert into RestaurantStaff (rsid, rs_first_name, rs_last_name, email, rspassword, rid) values (160, 'Rochette', 'Calderon', 'rcalderon4f@storify.com', 'sLJ8KIJNb', 7);
insert into RestaurantStaff (rsid, rs_first_name, rs_last_name, email, rspassword, rid) values (161, 'Maura', 'Sponton', 'msponton4g@admin.ch', 'tDNYqZ95', 4);
insert into RestaurantStaff (rsid, rs_first_name, rs_last_name, email, rspassword, rid) values (162, 'Maxy', 'Zaple', 'mzaple4h@alibaba.com', 'Lg3bwD', 6);
insert into RestaurantStaff (rsid, rs_first_name, rs_last_name, email, rspassword, rid) values (163, 'Dorothee', 'Welling', 'dwelling4i@auda.org.au', 'ul7D0WGf', 5);
insert into RestaurantStaff (rsid, rs_first_name, rs_last_name, email, rspassword, rid) values (164, 'Clyde', 'Pollastrino', 'cpollastrino4j@reference.com', 'kVCflf0riQP', 4);
insert into RestaurantStaff (rsid, rs_first_name, rs_last_name, email, rspassword, rid) values (165, 'Jesse', 'Jaquest', 'jjaquest4k@wsj.com', 'ZV4YB2LX4fQ', 1);
insert into RestaurantStaff (rsid, rs_first_name, rs_last_name, email, rspassword, rid) values (166, 'Anastassia', 'Hubery', 'ahubery4l@newyorker.com', 'LRTnIfhK', 8);
insert into RestaurantStaff (rsid, rs_first_name, rs_last_name, email, rspassword, rid) values (167, 'Tremaine', 'Rattery', 'trattery4m@timesonline.co.uk', '5EUfL2wz', 5);
insert into RestaurantStaff (rsid, rs_first_name, rs_last_name, email, rspassword, rid) values (168, 'Emelia', 'Vanyushkin', 'evanyushkin4n@china.com.cn', 'uwhkYgW', 6);
insert into RestaurantStaff (rsid, rs_first_name, rs_last_name, email, rspassword, rid) values (169, 'Doyle', 'Mobley', 'dmobley4o@simplemachines.org', 'yk9jCcq9', 3);
insert into RestaurantStaff (rsid, rs_first_name, rs_last_name, email, rspassword, rid) values (170, 'Thibaud', 'Dawidman', 'tdawidman4p@reuters.com', 'ztPiQ6P7r1IE', 4);
insert into RestaurantStaff (rsid, rs_first_name, rs_last_name, email, rspassword, rid) values (171, 'Nikki', 'Gilbank', 'ngilbank4q@cnbc.com', 'E46hq5qJT', 5);
insert into RestaurantStaff (rsid, rs_first_name, rs_last_name, email, rspassword, rid) values (172, 'Connor', 'Creer', 'ccreer4r@bloomberg.com', '8wjeJ6b0q5wv', 5);
insert into RestaurantStaff (rsid, rs_first_name, rs_last_name, email, rspassword, rid) values (173, 'Luther', 'Buscher', 'lbuscher4s@cisco.com', 'OSeApGeifOJ', 6);
insert into RestaurantStaff (rsid, rs_first_name, rs_last_name, email, rspassword, rid) values (174, 'Bing', 'Quan', 'bquan4t@google.ru', 'Rb3mf05', 8);
insert into RestaurantStaff (rsid, rs_first_name, rs_last_name, email, rspassword, rid) values (175, 'Rona', 'Rishman', 'rrishman4u@utexas.edu', '0HwRY0arvQAZ', 10);
insert into RestaurantStaff (rsid, rs_first_name, rs_last_name, email, rspassword, rid) values (176, 'Ezechiel', 'Bilbie', 'ebilbie4v@facebook.com', 'bjiIdoK1s9', 9);
insert into RestaurantStaff (rsid, rs_first_name, rs_last_name, email, rspassword, rid) values (177, 'Hobie', 'Hegge', 'hhegge4w@sciencedaily.com', 'RfNzCxF', 2);
insert into RestaurantStaff (rsid, rs_first_name, rs_last_name, email, rspassword, rid) values (178, 'Micki', 'Bastone', 'mbastone4x@symantec.com', 'OYuxD9qw4', 6);
insert into RestaurantStaff (rsid, rs_first_name, rs_last_name, email, rspassword, rid) values (179, 'Shena', 'Jacob', 'sjacob4y@networksolutions.com', '76vPk6t0', 9);
insert into RestaurantStaff (rsid, rs_first_name, rs_last_name, email, rspassword, rid) values (180, 'Teddy', 'Ratcliffe', 'tratcliffe4z@printfriendly.com', 'zEqBGt', 3);
insert into RestaurantStaff (rsid, rs_first_name, rs_last_name, email, rspassword, rid) values (181, 'Lexine', 'Rawll', 'lrawll50@reuters.com', 'oYUBTOXRYR2', 6);
insert into RestaurantStaff (rsid, rs_first_name, rs_last_name, email, rspassword, rid) values (182, 'Grata', 'Jolliss', 'gjolliss51@wp.com', 'Yvgl24t', 9);
insert into RestaurantStaff (rsid, rs_first_name, rs_last_name, email, rspassword, rid) values (183, 'Sibby', 'Skeggs', 'sskeggs52@oakley.com', 'SyXPxHvVg2', 2);
insert into RestaurantStaff (rsid, rs_first_name, rs_last_name, email, rspassword, rid) values (184, 'Park', 'Aaronson', 'paaronson53@japanpost.jp', 'MM6huYC0rT7', 8);
insert into RestaurantStaff (rsid, rs_first_name, rs_last_name, email, rspassword, rid) values (185, 'Andras', 'Wyburn', 'awyburn54@earthlink.net', 'zIdD4K', 5);
insert into RestaurantStaff (rsid, rs_first_name, rs_last_name, email, rspassword, rid) values (186, 'Rosana', 'Heddy', 'rheddy55@wp.com', 'jAFDYUs4Vy', 1);
insert into RestaurantStaff (rsid, rs_first_name, rs_last_name, email, rspassword, rid) values (187, 'Tonia', 'Savatier', 'tsavatier56@symantec.com', 'ScC7ZZVJyor', 9);
insert into RestaurantStaff (rsid, rs_first_name, rs_last_name, email, rspassword, rid) values (188, 'Oberon', 'Toleman', 'otoleman57@naver.com', '86MH8k3I2dXR', 6);
insert into RestaurantStaff (rsid, rs_first_name, rs_last_name, email, rspassword, rid) values (189, 'Jeromy', 'Eich', 'jeich58@rediff.com', 'i0Lubpae', 9);
insert into RestaurantStaff (rsid, rs_first_name, rs_last_name, email, rspassword, rid) values (190, 'Marcellus', 'Iuorio', 'miuorio59@hatena.ne.jp', 'ULCAeem', 8);
insert into RestaurantStaff (rsid, rs_first_name, rs_last_name, email, rspassword, rid) values (191, 'Virgilio', 'Headington', 'vheadington5a@nature.com', 'Dx78bkG', 3);
insert into RestaurantStaff (rsid, rs_first_name, rs_last_name, email, rspassword, rid) values (192, 'Aloisia', 'Morton', 'amorton5b@parallels.com', 'UiIiLAl', 4);
insert into RestaurantStaff (rsid, rs_first_name, rs_last_name, email, rspassword, rid) values (193, 'Sib', 'Lissenden', 'slissenden5c@ibm.com', 'E0MVq0nSG', 10);
insert into RestaurantStaff (rsid, rs_first_name, rs_last_name, email, rspassword, rid) values (194, 'Carissa', 'Kidston', 'ckidston5d@google.ru', 'Pc7g2tCyQmY', 5);
insert into RestaurantStaff (rsid, rs_first_name, rs_last_name, email, rspassword, rid) values (195, 'Reece', 'Creus', 'rcreus5e@sourceforge.net', 'CiwHWedR', 2);
insert into RestaurantStaff (rsid, rs_first_name, rs_last_name, email, rspassword, rid) values (196, 'Nikaniki', 'Bridger', 'nbridger5f@slideshare.net', 'Zkmldq2gRc9z', 8);
insert into RestaurantStaff (rsid, rs_first_name, rs_last_name, email, rspassword, rid) values (197, 'Keelia', 'Greedy', 'kgreedy5g@go.com', 'K8qGLHViJdDE', 4);
insert into RestaurantStaff (rsid, rs_first_name, rs_last_name, email, rspassword, rid) values (198, 'Margery', 'Landells', 'mlandells5h@reference.com', 'uMzd87xAT', 7);
insert into RestaurantStaff (rsid, rs_first_name, rs_last_name, email, rspassword, rid) values (199, 'Letizia', 'MacGuffog', 'lmacguffog5i@census.gov', 'B5AAKNOb', 1);
insert into RestaurantStaff (rsid, rs_first_name, rs_last_name, email, rspassword, rid) values (200, 'Bryana', 'Croyden', 'bcroyden5j@geocities.jp', 'YDzjL4o9', 1);

alter sequence RestaurantStaff_rsid_seq restart with 201;

insert into Category (catid, catname, description) values (1, 'Beverage', 'nice cool drinks');
insert into Category (catid, catname, description) values (2, 'Chinese', 'Chinese food');
insert into Category (catid, catname, description) values (3, 'Western', 'Western food');
insert into Category (catid, catname, description) values (4, 'Japanese', 'Japanese food');
insert into Category (catid, catname, description) values (5, 'Korean', 'Korean food');
insert into Category (catid, catname, description) values (6, 'Malay', 'Malay food');

alter sequence Category_catid_seq restart with 7;


insert into FoodItem (fid, rid, fname, description, catid, food_limit, current_qty, price) values (1, 6, 'Oreamnos americanus', 'Disp fx of ant pro of r calcaneus, subs for fx w malunion', 2, 124, 16, 16);
insert into FoodItem (fid, rid, fname, description, catid, food_limit, current_qty, price) values (2, 3, 'Lemur catta', 'Corrosion of unspecified degree of right foot, init encntr', 3, 363, 11, 40);
insert into FoodItem (fid, rid, fname, description, catid, food_limit, current_qty, price) values (3, 6, 'Paradoxurus hermaphroditus', 'Disseminated histoplasmosis capsulati', 5, 197, 3, 8);
insert into FoodItem (fid, rid, fname, description, catid, food_limit, current_qty, price) values (4, 5, 'Alopochen aegyptiacus', 'Burn of third degree of buttock, initial encounter', 2, 395, 15, 14);
insert into FoodItem (fid, rid, fname, description, catid, food_limit, current_qty, price) values (5, 1, 'Sylvicapra grimma', 'Unsp fracture of left forearm, init for opn fx type 3A/B/C', 3, 356, 11, 43);
insert into FoodItem (fid, rid, fname, description, catid, food_limit, current_qty, price) values (6, 7, 'Stercorarius longicausus', 'Pigmentary glaucoma, left eye, mild stage', 5, 428, 10, 17);
insert into FoodItem (fid, rid, fname, description, catid, food_limit, current_qty, price) values (7, 7, 'Pitangus sulphuratus', 'Non-prs chr ulc unsp prt of unsp low leg lmt to brkdwn skin', 4, 168, 11, 9);
insert into FoodItem (fid, rid, fname, description, catid, food_limit, current_qty, price) values (8, 5, 'Nasua nasua', 'Pauciarticular juvenile rheumatoid arthritis, unsp elbow', 5, 344, 4, 38);
insert into FoodItem (fid, rid, fname, description, catid, food_limit, current_qty, price) values (9, 6, 'Streptopelia senegalensis', 'Injury of nerves at wrs/hnd lv of unsp arm, sequela', 6, 284, 9, 20);
insert into FoodItem (fid, rid, fname, description, catid, food_limit, current_qty, price) values (10, 7, 'Tockus erythrorhyncus', 'Rupture of synovium, left foot', 4, 363, 13, 36);
insert into FoodItem (fid, rid, fname, description, catid, food_limit, current_qty, price) values (11, 7, 'Spilogale gracilis', 'Displ longitud fx right patella, init for opn fx type I/2', 3, 477, 12, 27);
insert into FoodItem (fid, rid, fname, description, catid, food_limit, current_qty, price) values (12, 6, 'Hystrix indica', 'Commrcl fix-wing aircraft explosion injuring occupant, subs', 4, 102, 16, 11);
insert into FoodItem (fid, rid, fname, description, catid, food_limit, current_qty, price) values (13, 1, 'Nectarinia chalybea', 'Exposure to ignition or melting of nightwear, init encntr', 2, 446, 19, 12);
insert into FoodItem (fid, rid, fname, description, catid, food_limit, current_qty, price) values (14, 2, 'Ctenophorus ornatus', 'Injury of dorsal vein of foot', 5, 186, 2, 17);
insert into FoodItem (fid, rid, fname, description, catid, food_limit, current_qty, price) values (15, 2, 'Paroaria gularis', 'Short Achilles tendon (acquired), right ankle', 4, 333, 2, 27);
insert into FoodItem (fid, rid, fname, description, catid, food_limit, current_qty, price) values (16, 3, 'Vombatus ursinus', 'Dislocation of oth prt right shoulder girdle, init encntr', 4, 412, 17, 23);
insert into FoodItem (fid, rid, fname, description, catid, food_limit, current_qty, price) values (17, 6, 'Nucifraga columbiana', 'Nondisp fx of med condyle of r humer, subs for fx w nonunion', 3, 253, 14, 46);
insert into FoodItem (fid, rid, fname, description, catid, food_limit, current_qty, price) values (18, 4, 'Gekko gecko', 'Terrorism w biolg weapons, terrorist injured, sequela', 3, 472, 3, 5);
insert into FoodItem (fid, rid, fname, description, catid, food_limit, current_qty, price) values (19, 10, 'Struthio camelus', 'Absolute glaucoma, left eye', 4, 415, 16, 50);
insert into FoodItem (fid, rid, fname, description, catid, food_limit, current_qty, price) values (20, 1, 'Streptopelia decipiens', 'Unspecified strabismus', 2, 374, 5, 50);
insert into FoodItem (fid, rid, fname, description, catid, food_limit, current_qty, price) values (21, 1, 'Bison bison', 'Burn of second degree of back of right hand', 4, 458, 5, 41);
insert into FoodItem (fid, rid, fname, description, catid, food_limit, current_qty, price) values (22, 8, 'Perameles nasuta', 'Open bite of front wall of thorax w/o penet thoracic cavity', 4, 455, 13, 29);
insert into FoodItem (fid, rid, fname, description, catid, food_limit, current_qty, price) values (23, 10, 'Colobus guerza', 'Loose body in unspecified joint', 2, 231, 10, 9);
insert into FoodItem (fid, rid, fname, description, catid, food_limit, current_qty, price) values (24, 9, 'Mycteria ibis', 'Complications of bariatric procedures', 4, 472, 20, 36);
insert into FoodItem (fid, rid, fname, description, catid, food_limit, current_qty, price) values (25, 2, 'Chlamydosaurus kingii', 'Disseminated herpesviral disease', 3, 426, 15, 9);
insert into FoodItem (fid, rid, fname, description, catid, food_limit, current_qty, price) values (26, 3, 'Phoenicopterus ruber', 'Other injury of other intra-abdominal organs, subs encntr', 4, 480, 12, 27);
insert into FoodItem (fid, rid, fname, description, catid, food_limit, current_qty, price) values (27, 8, 'Echimys chrysurus', 'Drown due to being washed ovrbrd from fishing boat, sequela', 5, 274, 20, 36);
insert into FoodItem (fid, rid, fname, description, catid, food_limit, current_qty, price) values (28, 10, 'Ctenophorus ornatus', 'Burn of first deg mult sites of unsp ankle and foot, sequela', 4, 176, 8, 28);
insert into FoodItem (fid, rid, fname, description, catid, food_limit, current_qty, price) values (29, 3, 'Equus burchelli', 'Corrosion of first degree of left knee, sequela', 1, 343, 14, 47);
insert into FoodItem (fid, rid, fname, description, catid, food_limit, current_qty, price) values (30, 7, 'Eremophila alpestris', 'Unspecified injury of right ankle', 3, 140, 19, 22);
insert into FoodItem (fid, rid, fname, description, catid, food_limit, current_qty, price) values (31, 9, 'Choloepus hoffmani', 'Blister (nonthermal), unspecified foot', 3, 293, 9, 13);
insert into FoodItem (fid, rid, fname, description, catid, food_limit, current_qty, price) values (32, 6, 'Chamaelo sp.', 'Burn of third degree of left axilla, initial encounter', 1, 133, 11, 17);
insert into FoodItem (fid, rid, fname, description, catid, food_limit, current_qty, price) values (33, 2, 'Trichoglossus haematodus moluccanus', 'Abrasion of right ear, subsequent encounter', 2, 378, 17, 6);
insert into FoodItem (fid, rid, fname, description, catid, food_limit, current_qty, price) values (34, 8, 'Rhea americana', 'Jump/div into swimming pool striking wall causing drown', 1, 388, 7, 13);
insert into FoodItem (fid, rid, fname, description, catid, food_limit, current_qty, price) values (35, 4, 'Lepus arcticus', 'Nondisp fx of dist phalanx of l great toe, init for opn fx', 4, 416, 12, 10);
insert into FoodItem (fid, rid, fname, description, catid, food_limit, current_qty, price) values (36, 10, 'Pavo cristatus', 'Displaced transverse fracture of shaft of unsp ulna, init', 1, 349, 19, 9);
insert into FoodItem (fid, rid, fname, description, catid, food_limit, current_qty, price) values (37, 9, 'Deroptyus accipitrinus', 'Toxic effect of venom of other reptiles', 1, 205, 12, 40);
insert into FoodItem (fid, rid, fname, description, catid, food_limit, current_qty, price) values (38, 5, 'Castor fiber', 'Strain of unsp msl/tnd at ank/ft level, right foot, init', 5, 291, 14, 27);
insert into FoodItem (fid, rid, fname, description, catid, food_limit, current_qty, price) values (39, 4, 'Lamprotornis nitens', 'Laceration without foreign body of right ear, sequela', 4, 180, 11, 5);
insert into FoodItem (fid, rid, fname, description, catid, food_limit, current_qty, price) values (40, 6, 'Phoenicopterus chilensis', 'Oth injury of intercostal blood vessels, right side, sequela', 3, 109, 18, 37);
insert into FoodItem (fid, rid, fname, description, catid, food_limit, current_qty, price) values (41, 5, 'Paraxerus cepapi', 'Subluxation of T12/L1 thoracic vertebra, initial encounter', 5, 207, 8, 14);
insert into FoodItem (fid, rid, fname, description, catid, food_limit, current_qty, price) values (42, 9, 'Sylvicapra grimma', 'Other vascular disorders of iris and ciliary body, unsp eye', 1, 382, 8, 35);
insert into FoodItem (fid, rid, fname, description, catid, food_limit, current_qty, price) values (43, 3, 'Lasiorhinus latifrons', 'Disp fx of med phalanx of unsp fngr, subs for fx w nonunion', 3, 411, 1, 24);
insert into FoodItem (fid, rid, fname, description, catid, food_limit, current_qty, price) values (44, 8, 'Oryx gazella callotis', 'Poisoning by phenothiaz antipsychot/neurolept, acc, subs', 6, 148, 3, 41);
insert into FoodItem (fid, rid, fname, description, catid, food_limit, current_qty, price) values (45, 5, 'Haematopus ater', 'Corrosion of second degree of scalp, subsequent encounter', 2, 345, 8, 33);
insert into FoodItem (fid, rid, fname, description, catid, food_limit, current_qty, price) values (46, 6, 'Buteo jamaicensis', 'Cytomegaloviral hepatitis', 5, 233, 1, 39);
insert into FoodItem (fid, rid, fname, description, catid, food_limit, current_qty, price) values (47, 4, 'Manouria emys', 'Unsp fracture of T5-T6 vertebra, subs for fx w nonunion', 4, 482, 9, 8);
insert into FoodItem (fid, rid, fname, description, catid, food_limit, current_qty, price) values (48, 7, 'Nectarinia chalybea', 'Cognitive communication deficit', 2, 240, 17, 39);
insert into FoodItem (fid, rid, fname, description, catid, food_limit, current_qty, price) values (49, 2, 'Canis lupus', 'Open bite, left thigh, sequela', 5, 112, 11, 29);
insert into FoodItem (fid, rid, fname, description, catid, food_limit, current_qty, price) values (50, 6, 'Ephippiorhynchus mycteria', 'Infection following immunization', 1, 461, 12, 43);
insert into FoodItem (fid, rid, fname, description, catid, food_limit, current_qty, price) values (51, 7, 'Dasyprocta leporina', 'Unspecified physeal fracture of right calcaneus, 7thK', 4, 247, 7, 31);
insert into FoodItem (fid, rid, fname, description, catid, food_limit, current_qty, price) values (52, 4, 'Genetta genetta', 'Other specified injury of right carotid artery, subs encntr', 6, 375, 18, 29);
insert into FoodItem (fid, rid, fname, description, catid, food_limit, current_qty, price) values (53, 7, 'Turtur chalcospilos', 'Rheumatoid vasculitis w rheumatoid arthritis of unsp elbow', 5, 354, 1, 34);
insert into FoodItem (fid, rid, fname, description, catid, food_limit, current_qty, price) values (54, 7, 'Genetta genetta', 'Osteomyelitis of vertebra, lumbosacral region', 3, 156, 15, 30);
insert into FoodItem (fid, rid, fname, description, catid, food_limit, current_qty, price) values (55, 8, 'Tayassu tajacu', 'Vitreous abscess (chronic), right eye', 2, 497, 13, 34);
insert into FoodItem (fid, rid, fname, description, catid, food_limit, current_qty, price) values (56, 7, 'Varanus sp.', 'Fracture of coronoid process of right mandible, sequela', 4, 168, 7, 35);
insert into FoodItem (fid, rid, fname, description, catid, food_limit, current_qty, price) values (57, 10, 'Coluber constrictor foxii', 'Lacerat intrns musc/fasc/tend r mid fngr at wrs/hnd lv, init', 1, 166, 11, 9);
insert into FoodItem (fid, rid, fname, description, catid, food_limit, current_qty, price) values (58, 1, 'Sitta canadensis', 'Sternal manubrial dissociation, subs for fx w delay heal', 6, 167, 3, 28);
insert into FoodItem (fid, rid, fname, description, catid, food_limit, current_qty, price) values (59, 1, 'Loris tardigratus', 'Open bite of hand', 4, 193, 11, 8);
insert into FoodItem (fid, rid, fname, description, catid, food_limit, current_qty, price) values (60, 7, 'Macropus rufogriseus', 'Systemic sclerosis induced by drug and chemical', 6, 271, 20, 37);
insert into FoodItem (fid, rid, fname, description, catid, food_limit, current_qty, price) values (61, 4, 'Eurocephalus anguitimens', 'Underdosing of local astringents and local detergents, subs', 5, 472, 18, 37);
insert into FoodItem (fid, rid, fname, description, catid, food_limit, current_qty, price) values (62, 9, 'Zalophus californicus', 'Frostbite with tissue necrosis of unsp sites, subs encntr', 3, 305, 5, 12);
insert into FoodItem (fid, rid, fname, description, catid, food_limit, current_qty, price) values (63, 3, 'Butorides striatus', 'Other abnormal findings in cerebrospinal fluid', 4, 144, 20, 10);
insert into FoodItem (fid, rid, fname, description, catid, food_limit, current_qty, price) values (64, 1, 'Corallus hortulanus cooki', 'Other motor neuron disease', 6, 367, 17, 10);
insert into FoodItem (fid, rid, fname, description, catid, food_limit, current_qty, price) values (65, 5, 'Canis lupus baileyi', 'Poisn by antimalari/drugs acting on bld protzoa, undet, sqla', 3, 181, 1, 48);
insert into FoodItem (fid, rid, fname, description, catid, food_limit, current_qty, price) values (66, 8, 'Callipepla gambelii', 'Laceration of musc/fasc/tend long head of biceps, right arm', 1, 240, 9, 40);
insert into FoodItem (fid, rid, fname, description, catid, food_limit, current_qty, price) values (67, 1, 'Suricata suricatta', 'Drown due to falling or jumping from burning canoe or kayak', 1, 410, 12, 7);
insert into FoodItem (fid, rid, fname, description, catid, food_limit, current_qty, price) values (68, 7, 'Casmerodius albus', 'Intentional collision of motor vehicle with train', 3, 226, 4, 12);
insert into FoodItem (fid, rid, fname, description, catid, food_limit, current_qty, price) values (69, 6, 'Colobus guerza', 'Mtrcy rider injured in trnsp accident w military vehicle', 6, 422, 1, 12);
insert into FoodItem (fid, rid, fname, description, catid, food_limit, current_qty, price) values (70, 1, 'Nyctanassa violacea', 'Type 2 diab with mild nonp rtnop with macular edema, unsp', 5, 485, 19, 18);
insert into FoodItem (fid, rid, fname, description, catid, food_limit, current_qty, price) values (71, 8, 'Vulpes cinereoargenteus', 'Contracture, unspecified ankle', 3, 173, 8, 13);
insert into FoodItem (fid, rid, fname, description, catid, food_limit, current_qty, price) values (72, 3, 'Dusicyon thous', 'Toxic effect of phosphorus and its compounds, acc, subs', 2, 116, 14, 21);
insert into FoodItem (fid, rid, fname, description, catid, food_limit, current_qty, price) values (73, 10, 'Laniaurius atrococcineus', 'Lead-induced chronic gout, right hip', 6, 225, 1, 20);
insert into FoodItem (fid, rid, fname, description, catid, food_limit, current_qty, price) values (74, 10, 'Ephippiorhynchus mycteria', 'Laceration with foreign body of vagina and vulva', 4, 121, 7, 25);
insert into FoodItem (fid, rid, fname, description, catid, food_limit, current_qty, price) values (75, 6, 'Upupa epops', 'Minimal atrophy of maxilla', 1, 393, 8, 43);
insert into FoodItem (fid, rid, fname, description, catid, food_limit, current_qty, price) values (76, 5, 'Chelodina longicollis', 'Orthopedic devices associated with adverse incidents', 4, 211, 20, 15);
insert into FoodItem (fid, rid, fname, description, catid, food_limit, current_qty, price) values (77, 4, 'Ploceus rubiginosus', 'Poisoning by pyrazolone derivatives, accidental, sequela', 1, 240, 5, 22);
insert into FoodItem (fid, rid, fname, description, catid, food_limit, current_qty, price) values (78, 9, 'Phasianus colchicus', 'Displ suprcndl fx w/o intrcndl extn low end unsp femr, 7thN', 6, 104, 16, 29);
insert into FoodItem (fid, rid, fname, description, catid, food_limit, current_qty, price) values (79, 2, 'Macropus fuliginosus', 'War operations involving biological weapons', 6, 108, 6, 44);
insert into FoodItem (fid, rid, fname, description, catid, food_limit, current_qty, price) values (80, 3, 'Charadrius tricollaris', 'Strain of muscle, fascia and tendon of unsp hip, init encntr', 6, 275, 17, 26);
insert into FoodItem (fid, rid, fname, description, catid, food_limit, current_qty, price) values (81, 2, 'Alouatta seniculus', 'Cellulitis of toe', 3, 461, 16, 15);
insert into FoodItem (fid, rid, fname, description, catid, food_limit, current_qty, price) values (82, 8, 'Pitangus sulphuratus', 'Injury of trigeminal nerve', 4, 494, 9, 13);
insert into FoodItem (fid, rid, fname, description, catid, food_limit, current_qty, price) values (83, 3, 'Meleagris gallopavo', 'Occ of anml-drn vehicle injured in clsn w nonmtr veh, init', 4, 200, 11, 32);
insert into FoodItem (fid, rid, fname, description, catid, food_limit, current_qty, price) values (84, 4, 'Manouria emys', 'Nondisp fx of nk of l rad, 7thQ', 1, 458, 6, 37);
insert into FoodItem (fid, rid, fname, description, catid, food_limit, current_qty, price) values (85, 8, 'Otaria flavescens', 'Disorders of optic chiasm in (due to) other disorders', 2, 410, 15, 23);
insert into FoodItem (fid, rid, fname, description, catid, food_limit, current_qty, price) values (86, 3, 'Mazama americana', 'Underdosing of drugs affecting uric acid metabolism, sequela', 1, 172, 2, 37);
insert into FoodItem (fid, rid, fname, description, catid, food_limit, current_qty, price) values (87, 2, 'Balearica pavonina', 'Strain intrns musc/fasc/tend unsp finger at wrs/hnd lv, sqla', 1, 495, 18, 43);
insert into FoodItem (fid, rid, fname, description, catid, food_limit, current_qty, price) values (88, 3, 'Varanus salvator', 'Retinal detachment with giant retinal tear, bilateral', 6, 165, 18, 9);
insert into FoodItem (fid, rid, fname, description, catid, food_limit, current_qty, price) values (89, 2, 'Erethizon dorsatum', 'Corros unsp degree of unsp mult fngr (nail), inc thumb, sqla', 2, 139, 20, 18);
insert into FoodItem (fid, rid, fname, description, catid, food_limit, current_qty, price) values (90, 2, 'Papilio canadensis', 'Displ commnt fx l patella, 7thE', 3, 420, 18, 50);
insert into FoodItem (fid, rid, fname, description, catid, food_limit, current_qty, price) values (91, 1, 'Butorides striatus', 'Contact with metalworking machines', 4, 248, 7, 19);
insert into FoodItem (fid, rid, fname, description, catid, food_limit, current_qty, price) values (92, 4, 'Thylogale stigmatica', 'Unsp athscl unsp type bypass of the extrm, bilateral legs', 5, 437, 13, 7);
insert into FoodItem (fid, rid, fname, description, catid, food_limit, current_qty, price) values (93, 4, 'unavailable', 'Burn of unspecified degree of upper arm', 5, 452, 1, 39);
insert into FoodItem (fid, rid, fname, description, catid, food_limit, current_qty, price) values (94, 10, 'Carphophis sp.', 'Nondisp transverse fx shaft of humer, unsp arm, 7thK', 2, 120, 14, 31);
insert into FoodItem (fid, rid, fname, description, catid, food_limit, current_qty, price) values (95, 7, 'Porphyrio porphyrio', 'Contus/lac/hem crblm w/o loss of consciousness, init', 6, 377, 2, 44);
insert into FoodItem (fid, rid, fname, description, catid, food_limit, current_qty, price) values (96, 6, 'Lycosa godeffroyi', 'Dislocation of r acromioclav jt, 100%-200% displacement', 4, 350, 12, 49);
insert into FoodItem (fid, rid, fname, description, catid, food_limit, current_qty, price) values (97, 8, 'Morelia spilotes variegata', 'Displaced fracture of distal phalanx of right lesser toe(s)', 6, 460, 13, 19);
insert into FoodItem (fid, rid, fname, description, catid, food_limit, current_qty, price) values (98, 2, 'Pseudoleistes virescens', 'Ventricular tachycardia', 2, 416, 19, 41);
insert into FoodItem (fid, rid, fname, description, catid, food_limit, current_qty, price) values (99, 3, 'Notechis semmiannulatus', 'Inj intrinsic musc/fasc/tend thmb at wrs/hnd lv, sequela', 1, 493, 7, 48);
insert into FoodItem (fid, rid, fname, description, catid, food_limit, current_qty, price) values (100, 7, 'Neophron percnopterus', 'Toxic eff of halgn deriv of aliphatic hydrocrb, asslt, init', 5, 472, 14, 38);
insert into FoodItem (fid, rid, fname, description, catid, food_limit, current_qty, price) values (101, 2, 'Dendrocitta vagabunda', 'Cellulitis of left lower limb', 2, 126, 19, 15);
insert into FoodItem (fid, rid, fname, description, catid, food_limit, current_qty, price) values (102, 1, 'Aegypius tracheliotus', 'Contusion of other part of small intestine', 2, 126, 2, 28);
insert into FoodItem (fid, rid, fname, description, catid, food_limit, current_qty, price) values (103, 10, 'Gyps bengalensis', 'Burn of right eye and adnexa, part unspecified, init encntr', 2, 338, 16, 29);
insert into FoodItem (fid, rid, fname, description, catid, food_limit, current_qty, price) values (104, 8, 'Fratercula corniculata', 'Pressure ulcer of unspecified buttock, unstageable', 4, 155, 7, 26);
insert into FoodItem (fid, rid, fname, description, catid, food_limit, current_qty, price) values (105, 1, 'Cordylus giganteus', 'Laceration of muscle and tendon of unsp wall of thorax', 1, 405, 8, 25);
insert into FoodItem (fid, rid, fname, description, catid, food_limit, current_qty, price) values (106, 6, 'Raphicerus campestris', 'Adverse effect of unspecified systemic antibiotic', 2, 197, 2, 35);
insert into FoodItem (fid, rid, fname, description, catid, food_limit, current_qty, price) values (107, 9, 'Larus dominicanus', 'Presence of artificial limb (complete) (partial)', 3, 304, 5, 33);
insert into FoodItem (fid, rid, fname, description, catid, food_limit, current_qty, price) values (108, 10, 'Erethizon dorsatum', 'Solitary cyst of right breast', 4, 139, 18, 8);
insert into FoodItem (fid, rid, fname, description, catid, food_limit, current_qty, price) values (109, 7, 'Vulpes chama', 'Poisoning by tetracyclic antidepressants, self-harm, init', 1, 210, 4, 12);
insert into FoodItem (fid, rid, fname, description, catid, food_limit, current_qty, price) values (110, 2, 'Platalea leucordia', 'Encounter for issue of medical certificate', 1, 131, 11, 13);
insert into FoodItem (fid, rid, fname, description, catid, food_limit, current_qty, price) values (111, 3, 'Tamiasciurus hudsonicus', 'Displ seg fx shaft of ulna, unsp arm, 7thB', 5, 116, 7, 23);
insert into FoodItem (fid, rid, fname, description, catid, food_limit, current_qty, price) values (112, 2, 'Ploceus rubiginosus', 'Displaced fracture of anterior column of right acetabulum', 3, 114, 2, 6);
insert into FoodItem (fid, rid, fname, description, catid, food_limit, current_qty, price) values (113, 5, 'Eudyptula minor', 'Displaced transverse fracture of shaft of unspecified tibia', 1, 407, 4, 20);
insert into FoodItem (fid, rid, fname, description, catid, food_limit, current_qty, price) values (114, 9, 'Nyctereutes procyonoides', 'Subluxation of carpometacarpal joint of unsp thumb, subs', 5, 457, 3, 27);
insert into FoodItem (fid, rid, fname, description, catid, food_limit, current_qty, price) values (115, 3, 'Naja haje', 'Chronic embolism and thombos unsp veins of l up extrem', 2, 202, 15, 46);
insert into FoodItem (fid, rid, fname, description, catid, food_limit, current_qty, price) values (116, 3, 'Panthera tigris', 'Fall on board passenger ship, initial encounter', 5, 454, 11, 17);
insert into FoodItem (fid, rid, fname, description, catid, food_limit, current_qty, price) values (117, 9, 'Gorilla gorilla', 'Poisoning by oth estrogens and progestogens, assault, init', 5, 184, 12, 23);
insert into FoodItem (fid, rid, fname, description, catid, food_limit, current_qty, price) values (118, 6, 'Tragelaphus angasi', 'Laceration w/o fb of l rng fngr w damage to nail, init', 4, 363, 3, 29);
insert into FoodItem (fid, rid, fname, description, catid, food_limit, current_qty, price) values (119, 5, 'Ursus americanus', 'Toxic effect of unsp corrosive substance, assault, subs', 3, 345, 1, 47);
insert into FoodItem (fid, rid, fname, description, catid, food_limit, current_qty, price) values (120, 5, 'Meles meles', 'Toxic effect of rodenticides, accidental (unintentional)', 4, 299, 11, 34);
insert into FoodItem (fid, rid, fname, description, catid, food_limit, current_qty, price) values (121, 10, 'Chlidonias leucopterus', 'Nondisp fx of mid 3rd of navic bone of unsp wrs, 7thG', 4, 344, 20, 40);
insert into FoodItem (fid, rid, fname, description, catid, food_limit, current_qty, price) values (122, 2, 'Corvus brachyrhynchos', 'Unsp fx head of right femur, subs for clos fx w malunion', 1, 243, 7, 28);
insert into FoodItem (fid, rid, fname, description, catid, food_limit, current_qty, price) values (123, 6, 'Sula nebouxii', 'Rheu arthritis of r wrist w involv of organs and systems', 2, 195, 15, 25);
insert into FoodItem (fid, rid, fname, description, catid, food_limit, current_qty, price) values (124, 8, 'Felis silvestris lybica', 'Filariasis due to Brugia timori', 4, 320, 13, 24);
insert into FoodItem (fid, rid, fname, description, catid, food_limit, current_qty, price) values (125, 6, 'Tachybaptus ruficollis', 'Fx unsp part of l clavicle, subs for fx w routn heal', 1, 100, 5, 35);
insert into FoodItem (fid, rid, fname, description, catid, food_limit, current_qty, price) values (126, 10, 'Hymenolaimus malacorhynchus', 'Unilateral inguinal hernia, with gangrene', 2, 240, 5, 22);
insert into FoodItem (fid, rid, fname, description, catid, food_limit, current_qty, price) values (127, 10, 'Speotyte cuniculata', 'Subluxation of unsp interphaln joint of r idx fngr, sequela', 2, 298, 7, 7);
insert into FoodItem (fid, rid, fname, description, catid, food_limit, current_qty, price) values (128, 2, 'Milvago chimachima', 'Advrs effect of antiparkns drug/centr musc-tone depr, sqla', 1, 240, 10, 39);
insert into FoodItem (fid, rid, fname, description, catid, food_limit, current_qty, price) values (129, 10, 'Heloderma horridum', 'Oth fx fourth metacarpal bone, right hand, init for opn fx', 5, 476, 6, 20);
insert into FoodItem (fid, rid, fname, description, catid, food_limit, current_qty, price) values (130, 8, 'Dasypus septemcincus', 'LeFort III fracture, subs for fx w routn heal', 5, 358, 7, 28);
insert into FoodItem (fid, rid, fname, description, catid, food_limit, current_qty, price) values (131, 1, 'Tursiops truncatus', 'Other contact with dog', 2, 473, 16, 35);
insert into FoodItem (fid, rid, fname, description, catid, food_limit, current_qty, price) values (132, 7, 'Tapirus terrestris', 'Nondisp fx of base of MC bone, subs for fx w routn heal', 3, 168, 10, 12);
insert into FoodItem (fid, rid, fname, description, catid, food_limit, current_qty, price) values (133, 3, 'Cabassous sp.', 'Major laceration of spleen', 1, 124, 7, 44);
insert into FoodItem (fid, rid, fname, description, catid, food_limit, current_qty, price) values (134, 10, 'Actophilornis africanus', 'Assault by other specified means, subsequent encounter', 2, 238, 7, 36);
insert into FoodItem (fid, rid, fname, description, catid, food_limit, current_qty, price) values (135, 6, 'Lepus arcticus', 'Unspecified chorioretinal scars, unspecified eye', 1, 267, 5, 38);
insert into FoodItem (fid, rid, fname, description, catid, food_limit, current_qty, price) values (136, 2, 'Vulpes vulpes', 'Nondisp fx of base of fourth metacarpal bone, left hand', 5, 413, 1, 47);
insert into FoodItem (fid, rid, fname, description, catid, food_limit, current_qty, price) values (137, 1, 'Dendrocygna viduata', 'Non-pressure chronic ulcer of right calf w fat layer exposed', 3, 346, 5, 46);
insert into FoodItem (fid, rid, fname, description, catid, food_limit, current_qty, price) values (138, 10, 'Ovis canadensis', 'Vertical heterophoria', 2, 135, 13, 28);
insert into FoodItem (fid, rid, fname, description, catid, food_limit, current_qty, price) values (139, 2, 'Petaurus norfolcensis', 'Acute lymphoblastic leukemia, in remission', 5, 423, 11, 11);
insert into FoodItem (fid, rid, fname, description, catid, food_limit, current_qty, price) values (140, 8, 'Spermophilus parryii', 'Unsp car occupant injured in clsn w rail trn/veh in traf', 2, 216, 18, 27);
insert into FoodItem (fid, rid, fname, description, catid, food_limit, current_qty, price) values (141, 6, 'Picoides pubescens', 'Breakdown (mechanical) of ventricular intracranial shunt', 1, 175, 15, 11);
insert into FoodItem (fid, rid, fname, description, catid, food_limit, current_qty, price) values (142, 6, 'Felis caracal', 'Laceration w fb of abd wall, l upr q w penet perit cav, init', 1, 343, 3, 50);
insert into FoodItem (fid, rid, fname, description, catid, food_limit, current_qty, price) values (143, 7, 'Echimys chrysurus', 'Unsp physl fx upper end of l fibula, subs for fx w nonunion', 3, 101, 14, 22);
insert into FoodItem (fid, rid, fname, description, catid, food_limit, current_qty, price) values (144, 9, 'Gyps bengalensis', 'Lac w/o fb of unsp bk wl of thorax w/o penet thor cav, subs', 1, 305, 8, 42);
insert into FoodItem (fid, rid, fname, description, catid, food_limit, current_qty, price) values (145, 8, 'Alouatta seniculus', 'Burn of third degree of unspecified knee, sequela', 4, 145, 1, 33);
insert into FoodItem (fid, rid, fname, description, catid, food_limit, current_qty, price) values (146, 6, 'Vulpes cinereoargenteus', 'Oth fracture of first lumbar vertebra, init for clos fx', 4, 131, 20, 14);
insert into FoodItem (fid, rid, fname, description, catid, food_limit, current_qty, price) values (147, 6, 'Anas bahamensis', 'Abrasion of unspecified part of neck, sequela', 5, 276, 3, 37);
insert into FoodItem (fid, rid, fname, description, catid, food_limit, current_qty, price) values (148, 6, 'Caiman crocodilus', 'Other injury due to other accident to sailboat, sequela', 5, 325, 13, 10);
insert into FoodItem (fid, rid, fname, description, catid, food_limit, current_qty, price) values (149, 7, 'Macropus rufus', 'Exposure to infrared radiation, initial encounter', 2, 354, 15, 17);
insert into FoodItem (fid, rid, fname, description, catid, food_limit, current_qty, price) values (150, 5, 'Lasiodora parahybana', 'Injury of unspecified blood vessel at hip and thigh level', 4, 153, 15, 46);
insert into FoodItem (fid, rid, fname, description, catid, food_limit, current_qty, price) values (151, 10, 'Crocodylus niloticus', 'Nondisp fx of neck of left radius, init for opn fx type I/2', 5, 248, 12, 20);
insert into FoodItem (fid, rid, fname, description, catid, food_limit, current_qty, price) values (152, 3, 'Lamprotornis superbus', 'Corrosion of first deg mult sites of left ank/ft, sequela', 2, 466, 16, 29);
insert into FoodItem (fid, rid, fname, description, catid, food_limit, current_qty, price) values (153, 7, 'Estrilda erythronotos', 'Poisoning by other psychodysleptics, assault, subs encntr', 1, 267, 16, 13);
insert into FoodItem (fid, rid, fname, description, catid, food_limit, current_qty, price) values (154, 4, 'Microcebus murinus', 'Laceration w fb of l rng fngr w damage to nail, init', 2, 442, 9, 31);
insert into FoodItem (fid, rid, fname, description, catid, food_limit, current_qty, price) values (155, 6, 'Pelecanus occidentalis', 'Sprain of MCP joint of right ring finger, init', 1, 245, 20, 11);
insert into FoodItem (fid, rid, fname, description, catid, food_limit, current_qty, price) values (156, 5, 'Speotyte cuniculata', 'Recurrent and persistent hematuria', 1, 484, 18, 5);
insert into FoodItem (fid, rid, fname, description, catid, food_limit, current_qty, price) values (157, 9, 'Chordeiles minor', 'Atypical femoral fracture, unspecified, 7thK', 1, 387, 16, 19);
insert into FoodItem (fid, rid, fname, description, catid, food_limit, current_qty, price) values (158, 2, 'Psophia viridis', 'Oth intartic fx lower end left rad, init for opn fx type I/2', 6, 133, 10, 9);
insert into FoodItem (fid, rid, fname, description, catid, food_limit, current_qty, price) values (159, 5, 'Coluber constrictor', 'Accidental malfunction of hunting rifle, subs encntr', 3, 259, 17, 11);
insert into FoodItem (fid, rid, fname, description, catid, food_limit, current_qty, price) values (160, 10, 'Limnocorax flavirostra', 'Necrosis of pulp', 4, 336, 4, 48);
insert into FoodItem (fid, rid, fname, description, catid, food_limit, current_qty, price) values (161, 6, 'Sciurus vulgaris', 'Contusion of left little finger with damage to nail', 1, 395, 1, 32);
insert into FoodItem (fid, rid, fname, description, catid, food_limit, current_qty, price) values (162, 3, 'Dasyprocta leporina', 'Poisoning by intravenous anesthetics, intentional self-harm', 4, 233, 11, 17);
insert into FoodItem (fid, rid, fname, description, catid, food_limit, current_qty, price) values (163, 2, 'Ratufa indica', 'Follicular lymphoma, unsp, extranodal and solid organ sites', 4, 351, 19, 39);
insert into FoodItem (fid, rid, fname, description, catid, food_limit, current_qty, price) values (164, 7, 'Larus novaehollandiae', 'Gestational edema with proteinuria, first trimester', 4, 107, 8, 15);
insert into FoodItem (fid, rid, fname, description, catid, food_limit, current_qty, price) values (165, 3, 'Pseudalopex gymnocercus', 'Unspecified internal derangement of right knee', 4, 471, 9, 36);
insert into FoodItem (fid, rid, fname, description, catid, food_limit, current_qty, price) values (166, 1, 'Ardea cinerea', 'Glaucoma secondary to other eye disorders, unspecified eye', 6, 193, 16, 9);
insert into FoodItem (fid, rid, fname, description, catid, food_limit, current_qty, price) values (167, 4, 'Procyon cancrivorus', 'Congenital prolapse of urinary meatus', 2, 344, 2, 19);
insert into FoodItem (fid, rid, fname, description, catid, food_limit, current_qty, price) values (168, 6, 'Geochelone elephantopus', 'Salter-Harris Type IV physeal fracture of r calcaneus, 7thP', 5, 490, 18, 41);
insert into FoodItem (fid, rid, fname, description, catid, food_limit, current_qty, price) values (169, 10, 'Tachyglossus aculeatus', 'Corrosion of first degree of head, face, and neck, unsp site', 3, 408, 6, 20);
insert into FoodItem (fid, rid, fname, description, catid, food_limit, current_qty, price) values (170, 8, 'Alcelaphus buselaphus cokii', 'Other specified disorders of middle ear and mastoid', 6, 345, 20, 17);
insert into FoodItem (fid, rid, fname, description, catid, food_limit, current_qty, price) values (171, 4, 'Haliaeetus leucocephalus', 'Subluxation of unsp parts of right shoulder girdle, init', 3, 201, 3, 13);
insert into FoodItem (fid, rid, fname, description, catid, food_limit, current_qty, price) values (172, 4, 'Centrocercus urophasianus', 'Skeletal fluorosis, unspecified forearm', 5, 468, 14, 41);
insert into FoodItem (fid, rid, fname, description, catid, food_limit, current_qty, price) values (173, 9, 'Picoides pubescens', 'Other ectopic pregnancy without intrauterine pregnancy', 5, 238, 6, 28);
insert into FoodItem (fid, rid, fname, description, catid, food_limit, current_qty, price) values (174, 3, 'Psittacula krameri', 'Contusion of unspecified ankle, sequela', 2, 441, 15, 45);
insert into FoodItem (fid, rid, fname, description, catid, food_limit, current_qty, price) values (175, 1, 'unavailable', 'Gout due to renal impairment, left hip', 5, 116, 16, 10);
insert into FoodItem (fid, rid, fname, description, catid, food_limit, current_qty, price) values (176, 6, 'Naja haje', 'Displaced comminuted fracture of shaft of ulna, left arm', 1, 334, 10, 7);
insert into FoodItem (fid, rid, fname, description, catid, food_limit, current_qty, price) values (177, 10, 'Pycnonotus nigricans', 'Posterior scleritis, bilateral', 4, 415, 19, 15);
insert into FoodItem (fid, rid, fname, description, catid, food_limit, current_qty, price) values (178, 9, 'Sylvilagus floridanus', 'Sprain of calcaneofibular ligament of right ankle, subs', 6, 105, 3, 36);
insert into FoodItem (fid, rid, fname, description, catid, food_limit, current_qty, price) values (179, 10, 'Melophus lathami', 'Pseudohermaphroditism, unspecified', 3, 320, 18, 45);
insert into FoodItem (fid, rid, fname, description, catid, food_limit, current_qty, price) values (180, 7, 'Felis caracal', 'Nondisp fx of lateral epicondyl of r humer, 7thD', 4, 201, 8, 50);
insert into FoodItem (fid, rid, fname, description, catid, food_limit, current_qty, price) values (181, 4, 'Neophoca cinerea', 'Sltr-haris Type I physeal fx phalanx of unsp toe, 7thG', 6, 420, 2, 45);
insert into FoodItem (fid, rid, fname, description, catid, food_limit, current_qty, price) values (182, 4, 'Plegadis ridgwayi', 'Sltr-haris Type I physeal fracture of right metatarsal, 7thP', 4, 483, 2, 43);
insert into FoodItem (fid, rid, fname, description, catid, food_limit, current_qty, price) values (183, 2, 'Crotalus cerastes', 'Acute and subacute allergic otitis media (serous), bi', 1, 360, 20, 36);
insert into FoodItem (fid, rid, fname, description, catid, food_limit, current_qty, price) values (184, 8, 'Cacatua galerita', 'Displ oblique fx shaft of l fibula, 7thR', 1, 126, 14, 8);
insert into FoodItem (fid, rid, fname, description, catid, food_limit, current_qty, price) values (185, 4, 'Francolinus leucoscepus', 'Major laceration of femoral artery, right leg, subs encntr', 2, 198, 12, 6);
insert into FoodItem (fid, rid, fname, description, catid, food_limit, current_qty, price) values (186, 2, 'Cordylus giganteus', 'Nondisp fx of 1st metatarsal bone, r ft, 7thK', 2, 486, 2, 10);
insert into FoodItem (fid, rid, fname, description, catid, food_limit, current_qty, price) values (187, 5, 'unavailable', 'Fracture of sternal end of clavicle', 6, 181, 12, 25);
insert into FoodItem (fid, rid, fname, description, catid, food_limit, current_qty, price) values (188, 5, 'Damaliscus dorcas', 'Personal history of in-situ neoplasm of breast', 1, 452, 19, 37);
insert into FoodItem (fid, rid, fname, description, catid, food_limit, current_qty, price) values (189, 1, 'Felis caracal', 'Nondisp avuls fx (chip fracture) of l talus, 7thG', 3, 330, 11, 27);
insert into FoodItem (fid, rid, fname, description, catid, food_limit, current_qty, price) values (190, 8, 'Spheniscus mendiculus', 'Injury of medial plantar nerve, unspecified leg, init encntr', 3, 407, 6, 6);
insert into FoodItem (fid, rid, fname, description, catid, food_limit, current_qty, price) values (191, 7, 'Panthera pardus', 'Lacerat flexor musc/fasc/tend l idx fngr at wrs/hnd lv, subs', 6, 295, 6, 27);
insert into FoodItem (fid, rid, fname, description, catid, food_limit, current_qty, price) values (192, 6, 'Spizaetus coronatus', 'Other superficial bite of right shoulder, sequela', 6, 339, 15, 39);
insert into FoodItem (fid, rid, fname, description, catid, food_limit, current_qty, price) values (193, 3, 'Passer domesticus', 'Polyhydramnios, third trimester', 4, 166, 7, 20);
insert into FoodItem (fid, rid, fname, description, catid, food_limit, current_qty, price) values (194, 7, 'Nucifraga columbiana', 'Intentional self-harm by steam, hot vapors and hot objects', 1, 162, 17, 37);
insert into FoodItem (fid, rid, fname, description, catid, food_limit, current_qty, price) values (195, 1, 'Spilogale gracilis', 'Fracture of ramus of mandible, unspecified side, 7thD', 5, 300, 3, 12);
insert into FoodItem (fid, rid, fname, description, catid, food_limit, current_qty, price) values (196, 8, 'Anas bahamensis', 'Displaced subtrochnt fx l femur, subs for clos fx w malunion', 2, 337, 9, 31);
insert into FoodItem (fid, rid, fname, description, catid, food_limit, current_qty, price) values (197, 3, 'Boa constrictor mexicana', 'Other sequelae of nontraumatic intracerebral hemorrhage', 2, 198, 14, 14);
insert into FoodItem (fid, rid, fname, description, catid, food_limit, current_qty, price) values (198, 1, 'Macropus agilis', 'Cerebral palsy, unspecified', 5, 460, 10, 30);
insert into FoodItem (fid, rid, fname, description, catid, food_limit, current_qty, price) values (199, 3, 'Graspus graspus', 'Maternal care for anti-D antibodies, second tri, fetus 4', 4, 212, 9, 18);
insert into FoodItem (fid, rid, fname, description, catid, food_limit, current_qty, price) values (200, 8, 'Felis chaus', 'Abrasion, right foot', 5, 315, 14, 6);
insert into FoodItem (fid, rid, fname, description, catid, food_limit, current_qty, price) values (201, 6, 'Diceros bicornis', 'Priapism, drug-induced', 3, 239, 17, 33);
insert into FoodItem (fid, rid, fname, description, catid, food_limit, current_qty, price) values (202, 1, 'Macropus agilis', 'Burn of third degree of unspecified forearm', 4, 115, 1, 37);
insert into FoodItem (fid, rid, fname, description, catid, food_limit, current_qty, price) values (203, 8, 'Herpestes javanicus', 'Post disp fx of sternal end unsp clavicle, init for opn fx', 1, 343, 2, 6);
insert into FoodItem (fid, rid, fname, description, catid, food_limit, current_qty, price) values (204, 4, 'Oreamnos americanus', 'Other congenital deformities of chest', 3, 439, 20, 18);
insert into FoodItem (fid, rid, fname, description, catid, food_limit, current_qty, price) values (205, 10, 'Leptoptilos crumeniferus', 'Anaplastic large cell lymphoma, ALK-pos, nodes mult site', 4, 292, 13, 49);
insert into FoodItem (fid, rid, fname, description, catid, food_limit, current_qty, price) values (206, 2, 'Tragelaphus strepsiceros', 'Salmonella with other localized infection', 4, 260, 3, 27);
insert into FoodItem (fid, rid, fname, description, catid, food_limit, current_qty, price) values (207, 2, 'Ara chloroptera', 'Displaced fracture of lateral condyle of right femur', 1, 114, 5, 46);
insert into FoodItem (fid, rid, fname, description, catid, food_limit, current_qty, price) values (208, 9, 'Xerus sp.', 'Struck by crocodile, sequela', 5, 165, 13, 48);
insert into FoodItem (fid, rid, fname, description, catid, food_limit, current_qty, price) values (209, 3, 'Zosterops pallidus', 'Disp fx of med malleolus of unsp tibia, 7thP', 1, 376, 11, 15);
insert into FoodItem (fid, rid, fname, description, catid, food_limit, current_qty, price) values (210, 1, 'Bassariscus astutus', 'Complete traumatic amp at level betw shoulder and elbow', 2, 419, 19, 49);
insert into FoodItem (fid, rid, fname, description, catid, food_limit, current_qty, price) values (211, 6, 'Pelecans onocratalus', 'Other specified fracture of acetabulum', 2, 329, 17, 12);
insert into FoodItem (fid, rid, fname, description, catid, food_limit, current_qty, price) values (212, 5, 'Marmota caligata', 'Laceration without foreign body of left wrist', 2, 401, 3, 13);
insert into FoodItem (fid, rid, fname, description, catid, food_limit, current_qty, price) values (213, 1, 'Coendou prehensilis', 'Supervision of young primigravida', 3, 429, 1, 23);
insert into FoodItem (fid, rid, fname, description, catid, food_limit, current_qty, price) values (214, 1, 'Eolophus roseicapillus', 'Toxic effect of coral snake venom, self-harm, subs', 6, 354, 15, 15);
insert into FoodItem (fid, rid, fname, description, catid, food_limit, current_qty, price) values (215, 4, 'Tachybaptus ruficollis', 'Kearns-Sayre syndrome', 4, 166, 10, 33);
insert into FoodItem (fid, rid, fname, description, catid, food_limit, current_qty, price) values (216, 10, 'Felis wiedi or Leopardus weidi', 'Lead-induced chronic gout, unspecified site, without tophus', 1, 383, 9, 40);
insert into FoodItem (fid, rid, fname, description, catid, food_limit, current_qty, price) values (217, 6, 'Spermophilus richardsonii', 'Fracture of tibial spine', 6, 380, 16, 34);
insert into FoodItem (fid, rid, fname, description, catid, food_limit, current_qty, price) values (218, 7, 'Dipodomys deserti', 'Nondisplaced midcervical fracture of unsp femur, init', 1, 121, 15, 27);
insert into FoodItem (fid, rid, fname, description, catid, food_limit, current_qty, price) values (219, 2, 'Speothos vanaticus', 'Laceration w/o foreign body of unsp part of thorax, init', 4, 191, 11, 34);
insert into FoodItem (fid, rid, fname, description, catid, food_limit, current_qty, price) values (220, 6, 'Varanus komodensis', 'Inhalant dependence, uncomplicated', 3, 186, 16, 33);
insert into FoodItem (fid, rid, fname, description, catid, food_limit, current_qty, price) values (221, 1, 'Anathana ellioti', 'Unstbl burst fx fourth lum vert, subs for fx w routn heal', 3, 234, 11, 34);
insert into FoodItem (fid, rid, fname, description, catid, food_limit, current_qty, price) values (222, 5, 'Alligator mississippiensis', 'Corrosion of second degree of right lower leg, sequela', 5, 161, 1, 31);
insert into FoodItem (fid, rid, fname, description, catid, food_limit, current_qty, price) values (223, 7, 'Terrapene carolina', 'Nondisp oblique fx shaft of l rad, 7thP', 4, 372, 11, 43);
insert into FoodItem (fid, rid, fname, description, catid, food_limit, current_qty, price) values (224, 9, 'Agouti paca', 'Mech compl of implanted electronic stimulator of nervous sys', 4, 227, 15, 17);
insert into FoodItem (fid, rid, fname, description, catid, food_limit, current_qty, price) values (225, 6, 'Sitta canadensis', 'Foreign body on external eye, part unsp, left eye, sequela', 4, 457, 18, 43);
insert into FoodItem (fid, rid, fname, description, catid, food_limit, current_qty, price) values (226, 7, 'Scolopax minor', 'Puncture wound without foreign body of unsp ear, init encntr', 4, 213, 15, 8);
insert into FoodItem (fid, rid, fname, description, catid, food_limit, current_qty, price) values (227, 5, 'Phoenicopterus ruber', 'Corros first deg mult right fngr (nail), not inc thumb, subs', 4, 195, 1, 24);
insert into FoodItem (fid, rid, fname, description, catid, food_limit, current_qty, price) values (228, 8, 'Potorous tridactylus', 'Prolapse and hernia of ovary and fallop, unspecified side', 3, 318, 14, 38);
insert into FoodItem (fid, rid, fname, description, catid, food_limit, current_qty, price) values (229, 4, 'Leptoptilos crumeniferus', 'Infections of urethra in pregnancy', 3, 485, 13, 43);
insert into FoodItem (fid, rid, fname, description, catid, food_limit, current_qty, price) values (230, 5, 'Procyon lotor', 'Unspecified injury of unspecified renal artery, subs encntr', 3, 479, 7, 5);
insert into FoodItem (fid, rid, fname, description, catid, food_limit, current_qty, price) values (231, 1, 'Mazama gouazoubira', 'Pasngr in hv veh injured in clsn w hv veh nontraf, sequela', 3, 359, 20, 30);
insert into FoodItem (fid, rid, fname, description, catid, food_limit, current_qty, price) values (232, 8, 'Ninox superciliaris', 'Unsp fx shaft of r ulna, subs for opn fx type I/2 w malunion', 2, 170, 13, 24);
insert into FoodItem (fid, rid, fname, description, catid, food_limit, current_qty, price) values (233, 4, 'Speotyte cuniculata', 'Rheumatoid myopathy with rheumatoid arthritis of left wrist', 6, 143, 11, 37);
insert into FoodItem (fid, rid, fname, description, catid, food_limit, current_qty, price) values (234, 4, 'Lophoaetus occipitalis', 'Benign lipomatous neoplasm', 4, 361, 18, 47);
insert into FoodItem (fid, rid, fname, description, catid, food_limit, current_qty, price) values (235, 7, 'Hippotragus niger', 'Other gliding-type pedestrian conveyance accident', 5, 416, 14, 32);
insert into FoodItem (fid, rid, fname, description, catid, food_limit, current_qty, price) values (236, 7, 'Corythornis cristata', 'Laceration with foreign body of right buttock, subs encntr', 4, 489, 11, 47);
insert into FoodItem (fid, rid, fname, description, catid, food_limit, current_qty, price) values (237, 3, 'Ardea cinerea', 'Acute appendicitis with generalized peritonitis', 3, 317, 5, 12);
insert into FoodItem (fid, rid, fname, description, catid, food_limit, current_qty, price) values (238, 10, 'Choloepus hoffmani', 'Oth traum displ spondylolysis of 7th cervcal vert, 7thD', 5, 263, 18, 17);
insert into FoodItem (fid, rid, fname, description, catid, food_limit, current_qty, price) values (239, 10, 'Climacteris melanura', 'Unspecified dacryocystitis of right lacrimal passage', 1, 258, 15, 34);
insert into FoodItem (fid, rid, fname, description, catid, food_limit, current_qty, price) values (240, 2, 'Numida meleagris', 'Lacerat intrns msl/tnd at ank/ft level, left foot, sequela', 4, 493, 20, 10);
insert into FoodItem (fid, rid, fname, description, catid, food_limit, current_qty, price) values (241, 10, 'Meles meles', 'Minor laceration of femoral artery, left leg, subs encntr', 2, 426, 8, 32);
insert into FoodItem (fid, rid, fname, description, catid, food_limit, current_qty, price) values (242, 2, 'Sula dactylatra', 'Animal-rider injured in collision with pedal cycle, sequela', 1, 193, 12, 38);
insert into FoodItem (fid, rid, fname, description, catid, food_limit, current_qty, price) values (243, 3, 'unavailable', 'Other articular cartilage disorders, unspecified hand', 4, 425, 11, 15);
insert into FoodItem (fid, rid, fname, description, catid, food_limit, current_qty, price) values (244, 9, 'Branta canadensis', 'Oth abnormal findings in specmn from female genital organs', 1, 123, 8, 7);
insert into FoodItem (fid, rid, fname, description, catid, food_limit, current_qty, price) values (245, 7, 'Alcelaphus buselaphus caama', 'Psoas tendinitis, unspecified hip', 2, 494, 18, 14);
insert into FoodItem (fid, rid, fname, description, catid, food_limit, current_qty, price) values (246, 9, 'Macaca radiata', 'Primary open-angle glaucoma', 2, 262, 18, 37);
insert into FoodItem (fid, rid, fname, description, catid, food_limit, current_qty, price) values (247, 7, 'Diomedea irrorata', 'Breakdown of carotid arterial graft (bypass), init', 5, 451, 15, 16);
insert into FoodItem (fid, rid, fname, description, catid, food_limit, current_qty, price) values (248, 2, 'Macropus rufogriseus', 'Unsp injury of posterior tibial artery, unsp leg, subs', 1, 336, 4, 43);
insert into FoodItem (fid, rid, fname, description, catid, food_limit, current_qty, price) values (249, 3, 'Paraxerus cepapi', 'Maternal care for viable fetus in abd preg, third tri, unsp', 6, 439, 5, 19);
insert into FoodItem (fid, rid, fname, description, catid, food_limit, current_qty, price) values (250, 3, 'Phoeniconaias minor', 'Glycogen storage disease, unspecified', 1, 199, 16, 26);
insert into FoodItem (fid, rid, fname, description, catid, food_limit, current_qty, price) values (251, 1, 'Plectopterus gambensis', 'Unsp intcrn laceration and hemorrhage due to birth injury', 6, 425, 9, 37);
insert into FoodItem (fid, rid, fname, description, catid, food_limit, current_qty, price) values (252, 4, 'Priodontes maximus', 'Disp fx of med phalanx of l rng fngr, subs for fx w nonunion', 5, 362, 15, 45);
insert into FoodItem (fid, rid, fname, description, catid, food_limit, current_qty, price) values (253, 10, 'Geochelone elegans', 'Lgl intervnt w inj by rubr bulet, law enforc offl inj, init', 3, 412, 9, 25);
insert into FoodItem (fid, rid, fname, description, catid, food_limit, current_qty, price) values (254, 2, 'unavailable', 'Strain of musc/fasc/tend at forearm level, unsp arm', 2, 484, 7, 11);
insert into FoodItem (fid, rid, fname, description, catid, food_limit, current_qty, price) values (255, 6, 'Spizaetus coronatus', 'Subacute osteomyelitis', 3, 103, 4, 38);
insert into FoodItem (fid, rid, fname, description, catid, food_limit, current_qty, price) values (256, 6, 'Eumetopias jubatus', 'Unsp fx upper end of l ulna, subs for clos fx w routn heal', 3, 358, 15, 39);
insert into FoodItem (fid, rid, fname, description, catid, food_limit, current_qty, price) values (257, 1, 'Nyctea scandiaca', 'Unspecified subluxation of right sternoclavicular joint', 6, 356, 12, 22);
insert into FoodItem (fid, rid, fname, description, catid, food_limit, current_qty, price) values (258, 5, 'Choloepus hoffmani', 'Complete traumatic MCP amputation of r idx fngr, init', 4, 389, 14, 9);
insert into FoodItem (fid, rid, fname, description, catid, food_limit, current_qty, price) values (259, 4, 'Dicrurus adsimilis', 'Toxic effect of nitrodrv/aminodrv of benzn/homolog, assault', 5, 300, 12, 49);
insert into FoodItem (fid, rid, fname, description, catid, food_limit, current_qty, price) values (260, 4, 'Ara chloroptera', 'Lacerat unsp blood vess at wrs/hnd lv of right arm, sequela', 2, 466, 15, 38);
insert into FoodItem (fid, rid, fname, description, catid, food_limit, current_qty, price) values (261, 7, 'Plegadis ridgwayi', 'Poisoning by alpha-adrenocpt antagonists, self-harm, sequela', 4, 230, 9, 42);
insert into FoodItem (fid, rid, fname, description, catid, food_limit, current_qty, price) values (262, 5, 'Ardea cinerea', 'Malignant neoplasm of uvula', 3, 242, 3, 25);
insert into FoodItem (fid, rid, fname, description, catid, food_limit, current_qty, price) values (263, 1, 'Capreolus capreolus', 'Matern care for disproprtn of mixed matern and fetal origin', 1, 320, 1, 17);
insert into FoodItem (fid, rid, fname, description, catid, food_limit, current_qty, price) values (264, 8, 'Vanessa indica', 'Toxic effect of rodenticides', 2, 106, 2, 9);
insert into FoodItem (fid, rid, fname, description, catid, food_limit, current_qty, price) values (265, 5, 'Echimys chrysurus', 'Strain of flexor musc/fasc/tend finger at wrs/hnd lv, init', 4, 132, 9, 50);
insert into FoodItem (fid, rid, fname, description, catid, food_limit, current_qty, price) values (266, 1, 'Bos frontalis', 'Drug-induced erectile dysfunction', 4, 488, 5, 48);
insert into FoodItem (fid, rid, fname, description, catid, food_limit, current_qty, price) values (267, 4, 'Ctenophorus ornatus', 'Other fracture of sacrum, sequela', 6, 150, 18, 22);
insert into FoodItem (fid, rid, fname, description, catid, food_limit, current_qty, price) values (268, 1, 'Phaethon aethereus', 'Stress fracture, unsp ankle, subs for fx w routn heal', 2, 234, 10, 41);
insert into FoodItem (fid, rid, fname, description, catid, food_limit, current_qty, price) values (269, 1, 'Epicrates cenchria maurus', 'Other infective (teno)synovitis, hand', 6, 381, 10, 19);
insert into FoodItem (fid, rid, fname, description, catid, food_limit, current_qty, price) values (270, 8, 'Creagrus furcatus', 'Major laceration of right external jugular vein, sequela', 6, 157, 12, 50);
insert into FoodItem (fid, rid, fname, description, catid, food_limit, current_qty, price) values (271, 6, 'Tayassu pecari', 'Poisn by local antifung/infect/inflamm drugs, slf-hrm, sqla', 3, 432, 17, 26);
insert into FoodItem (fid, rid, fname, description, catid, food_limit, current_qty, price) values (272, 9, 'Dacelo novaeguineae', 'Puncture wound w/o foreign body of unsp wrist, init encntr', 3, 377, 16, 39);
insert into FoodItem (fid, rid, fname, description, catid, food_limit, current_qty, price) values (273, 2, 'Streptopelia decipiens', 'Other infective bursitis, left hand', 1, 231, 2, 23);
insert into FoodItem (fid, rid, fname, description, catid, food_limit, current_qty, price) values (274, 7, 'Mephitis mephitis', 'Adhes due to fb acc left in body fol kidney dialysis, subs', 1, 411, 10, 26);
insert into FoodItem (fid, rid, fname, description, catid, food_limit, current_qty, price) values (275, 10, 'Hymenolaimus malacorhynchus', 'Disorder of ligament, right shoulder', 4, 388, 19, 33);
insert into FoodItem (fid, rid, fname, description, catid, food_limit, current_qty, price) values (276, 1, 'Vanellus chilensis', 'Mech compl of internal fixation device of left femur', 1, 393, 9, 36);
insert into FoodItem (fid, rid, fname, description, catid, food_limit, current_qty, price) values (277, 7, 'Notechis semmiannulatus', 'Nondisp transverse fx shaft of unsp fibula, 7thD', 4, 359, 16, 14);
insert into FoodItem (fid, rid, fname, description, catid, food_limit, current_qty, price) values (278, 1, 'Varanus salvator', 'Matern care for viable fetus in abd preg, second tri, fts3', 1, 352, 13, 43);
insert into FoodItem (fid, rid, fname, description, catid, food_limit, current_qty, price) values (279, 3, 'Vulpes vulpes', 'Nondisp commnt fx shaft of humer, unsp arm, 7thG', 2, 125, 20, 50);
insert into FoodItem (fid, rid, fname, description, catid, food_limit, current_qty, price) values (280, 1, 'Carphophis sp.', 'Type I occipital condyle fracture, left side, sequela', 2, 142, 2, 23);
insert into FoodItem (fid, rid, fname, description, catid, food_limit, current_qty, price) values (281, 2, 'Pseudocheirus peregrinus', 'Dissection of artery of lower extremity', 6, 452, 14, 14);
insert into FoodItem (fid, rid, fname, description, catid, food_limit, current_qty, price) values (282, 4, 'Semnopithecus entellus', 'Furuncle of buttock', 1, 495, 4, 7);
insert into FoodItem (fid, rid, fname, description, catid, food_limit, current_qty, price) values (283, 9, 'Buteo galapagoensis', 'Oth private fix-wing aircraft clsn injuring occupant, init', 3, 217, 12, 37);
insert into FoodItem (fid, rid, fname, description, catid, food_limit, current_qty, price) values (284, 9, 'Porphyrio porphyrio', 'Drown due to being washed ovrbrd from unpowr wtrcrft, init', 6, 409, 5, 22);
insert into FoodItem (fid, rid, fname, description, catid, food_limit, current_qty, price) values (285, 7, 'Vanellus chilensis', 'Poisn by crbnc-anhydr inhibtr,benzo/oth diuretc,slf-hrm,init', 2, 197, 2, 7);
insert into FoodItem (fid, rid, fname, description, catid, food_limit, current_qty, price) values (286, 8, 'Varanus sp.', 'Displaced bimalleolar fracture of right lower leg, sequela', 6, 268, 1, 28);
insert into FoodItem (fid, rid, fname, description, catid, food_limit, current_qty, price) values (287, 1, 'Aonyx capensis', 'Displ unsp condyle fx low end unsp femr, 7thN', 3, 309, 17, 35);
insert into FoodItem (fid, rid, fname, description, catid, food_limit, current_qty, price) values (288, 8, 'Buteo regalis', 'Disp fx of proximal phalanx of other finger, sequela', 2, 308, 4, 12);
insert into FoodItem (fid, rid, fname, description, catid, food_limit, current_qty, price) values (289, 4, 'Microcebus murinus', 'Unsp topical agent', 2, 200, 12, 31);
insert into FoodItem (fid, rid, fname, description, catid, food_limit, current_qty, price) values (290, 10, 'Helogale undulata', 'Excessive attrition of teeth', 1, 463, 16, 43);
insert into FoodItem (fid, rid, fname, description, catid, food_limit, current_qty, price) values (291, 5, 'Fratercula corniculata', 'Osseous stenosis of neural canal of thoracic region', 6, 487, 13, 35);
insert into FoodItem (fid, rid, fname, description, catid, food_limit, current_qty, price) values (292, 6, 'unavailable', 'Circumvallate placenta, second trimester', 1, 241, 20, 25);
insert into FoodItem (fid, rid, fname, description, catid, food_limit, current_qty, price) values (293, 5, 'Nasua narica', 'Displacement of other vascular grafts, subsequent encounter', 6, 322, 7, 26);
insert into FoodItem (fid, rid, fname, description, catid, food_limit, current_qty, price) values (294, 4, 'Vulpes cinereoargenteus', 'Malar fracture, right side, 7thK', 6, 420, 9, 19);
insert into FoodItem (fid, rid, fname, description, catid, food_limit, current_qty, price) values (295, 9, 'Tachybaptus ruficollis', 'Traumatic compartment syndrome of left lower extremity, init', 3, 292, 14, 37);
insert into FoodItem (fid, rid, fname, description, catid, food_limit, current_qty, price) values (296, 6, 'Anser anser', 'Poisoning by unspecified systemic antibiotic, undetermined', 1, 279, 19, 33);
insert into FoodItem (fid, rid, fname, description, catid, food_limit, current_qty, price) values (297, 9, 'Alcelaphus buselaphus cokii', 'Disp fx of unsp tibial tuberosity, 7thH', 2, 441, 20, 9);
insert into FoodItem (fid, rid, fname, description, catid, food_limit, current_qty, price) values (298, 5, 'Zonotrichia capensis', 'Other sprain of left shoulder joint, subsequent encounter', 3, 322, 15, 46);
insert into FoodItem (fid, rid, fname, description, catid, food_limit, current_qty, price) values (299, 10, 'Elephas maximus bengalensis', 'Complete traumatic amputation at elbow level, unsp arm, subs', 6, 178, 7, 18);
insert into FoodItem (fid, rid, fname, description, catid, food_limit, current_qty, price) values (300, 6, 'Mellivora capensis', 'Pedl cyc pasngr inj pick-up truck, pk-up/van in traf, init', 1, 484, 13, 17);
insert into FoodItem (fid, rid, fname, description, catid, food_limit, current_qty, price) values (301, 9, 'Salvadora hexalepis', 'Flu due to oth ident flu virus w unsp type of pneumonia', 4, 469, 12, 34);
insert into FoodItem (fid, rid, fname, description, catid, food_limit, current_qty, price) values (302, 2, 'Hippotragus equinus', 'Medial disloc of proximal end of tibia, left knee, sequela', 4, 152, 19, 28);
insert into FoodItem (fid, rid, fname, description, catid, food_limit, current_qty, price) values (303, 6, 'Acanthaster planci', 'Intentional self-harm by other specified means, sequela', 5, 343, 4, 15);
insert into FoodItem (fid, rid, fname, description, catid, food_limit, current_qty, price) values (304, 1, 'Phascogale calura', 'Superficial injury of unspecified part of neck', 2, 264, 4, 43);
insert into FoodItem (fid, rid, fname, description, catid, food_limit, current_qty, price) values (305, 6, 'Alcelaphus buselaphus caama', 'Foliclar lymphoma grade IIIa, nodes of axilla and upper limb', 3, 158, 6, 34);
insert into FoodItem (fid, rid, fname, description, catid, food_limit, current_qty, price) values (306, 1, 'Tapirus terrestris', 'Term delivery with preterm labor, unsp trimester, oth fetus', 6, 151, 19, 17);
insert into FoodItem (fid, rid, fname, description, catid, food_limit, current_qty, price) values (307, 4, 'Mirounga leonina', 'Oth foreign object in bronchus causing asphyxiation, init', 2, 115, 18, 25);
insert into FoodItem (fid, rid, fname, description, catid, food_limit, current_qty, price) values (308, 8, 'Dasyurus viverrinus', 'Other congenital malformation of penis', 3, 217, 7, 27);
insert into FoodItem (fid, rid, fname, description, catid, food_limit, current_qty, price) values (309, 3, 'Pituophis melanaleucus', 'Pedl cyc driver inj pick-up truck, pk-up/van in traf, init', 1, 146, 9, 32);
insert into FoodItem (fid, rid, fname, description, catid, food_limit, current_qty, price) values (310, 1, 'Chamaelo sp.', 'Osteonecrosis in diseases classd elswhr, unsp upper arm', 1, 262, 7, 48);
insert into FoodItem (fid, rid, fname, description, catid, food_limit, current_qty, price) values (311, 9, 'Erinaceus frontalis', 'Cystocele, midline', 2, 395, 1, 37);
insert into FoodItem (fid, rid, fname, description, catid, food_limit, current_qty, price) values (312, 1, 'Naja haje', 'Erysipeloid, unspecified', 5, 392, 4, 34);
insert into FoodItem (fid, rid, fname, description, catid, food_limit, current_qty, price) values (313, 10, 'Raphicerus campestris', 'Sltr-haris Type I physeal fx phalanx of unsp toe, 7thD', 2, 313, 3, 21);
insert into FoodItem (fid, rid, fname, description, catid, food_limit, current_qty, price) values (314, 9, 'Sterna paradisaea', 'Occupant (driver) of hv veh injured in oth trnsp acc, init', 3, 498, 6, 48);
insert into FoodItem (fid, rid, fname, description, catid, food_limit, current_qty, price) values (315, 1, 'Zalophus californicus', 'Dislocation of MTP joint of unsp great toe, init', 5, 463, 8, 24);
insert into FoodItem (fid, rid, fname, description, catid, food_limit, current_qty, price) values (316, 2, 'Centrocercus urophasianus', 'Mild persistent asthma', 1, 386, 8, 11);
insert into FoodItem (fid, rid, fname, description, catid, food_limit, current_qty, price) values (317, 3, 'Ovis orientalis', 'Wheezing', 6, 298, 4, 12);
insert into FoodItem (fid, rid, fname, description, catid, food_limit, current_qty, price) values (318, 5, 'Anas platyrhynchos', 'Milt op involving incendiary bullet, civilian, sequela', 3, 344, 4, 19);
insert into FoodItem (fid, rid, fname, description, catid, food_limit, current_qty, price) values (319, 5, 'Geochelone radiata', 'Disord of muscle in diseases classd elswhr, multiple sites', 6, 421, 8, 30);
insert into FoodItem (fid, rid, fname, description, catid, food_limit, current_qty, price) values (320, 9, 'Bison bison', 'Maternal care for fetal abnlt and damage, unsp, fetus 5', 3, 167, 6, 32);
insert into FoodItem (fid, rid, fname, description, catid, food_limit, current_qty, price) values (321, 8, 'Aonyx capensis', 'Gaucher disease', 5, 430, 11, 19);
insert into FoodItem (fid, rid, fname, description, catid, food_limit, current_qty, price) values (322, 2, 'Turtur chalcospilos', 'Nondisp fx of proximal phalanx of unspecified lesser toe(s)', 2, 413, 4, 49);
insert into FoodItem (fid, rid, fname, description, catid, food_limit, current_qty, price) values (323, 9, 'Crotaphytus collaris', 'Primary blast injury of colon', 5, 432, 16, 18);
insert into FoodItem (fid, rid, fname, description, catid, food_limit, current_qty, price) values (324, 6, 'Colobus guerza', 'Superficial foreign body of other part of head, subs encntr', 1, 379, 3, 7);
insert into FoodItem (fid, rid, fname, description, catid, food_limit, current_qty, price) values (325, 2, 'Dendrocitta vagabunda', 'Stiffness of unspecified hip, not elsewhere classified', 6, 474, 18, 33);
insert into FoodItem (fid, rid, fname, description, catid, food_limit, current_qty, price) values (326, 7, 'Pseudalopex gymnocercus', 'Displaced fracture of lateral cuneiform of left foot', 3, 156, 19, 9);
insert into FoodItem (fid, rid, fname, description, catid, food_limit, current_qty, price) values (327, 9, 'Macaca radiata', 'Displaced segmental fx shaft of unsp fibula, sequela', 2, 492, 16, 13);
insert into FoodItem (fid, rid, fname, description, catid, food_limit, current_qty, price) values (328, 7, 'Hippopotamus amphibius', 'Drug-induced gout, ankle and foot', 2, 183, 17, 42);
insert into FoodItem (fid, rid, fname, description, catid, food_limit, current_qty, price) values (329, 9, 'Zalophus californicus', 'Nondisp fx of med condyle of r tibia, 7thH', 4, 113, 8, 36);
insert into FoodItem (fid, rid, fname, description, catid, food_limit, current_qty, price) values (330, 4, 'Cordylus giganteus', 'Unsp inj extensor musc/fasc/tend r rng fngr at wrs/hnd lv', 4, 209, 1, 24);
insert into FoodItem (fid, rid, fname, description, catid, food_limit, current_qty, price) values (331, 4, 'Uraeginthus bengalus', 'Displ transverse fx shaft of r ulna, 7thE', 6, 235, 19, 25);
insert into FoodItem (fid, rid, fname, description, catid, food_limit, current_qty, price) values (332, 8, 'Crotaphytus collaris', 'Bit/stung by nonvenom insect & oth nonvenom arthropods, init', 6, 338, 10, 22);
insert into FoodItem (fid, rid, fname, description, catid, food_limit, current_qty, price) values (333, 9, 'Pteronura brasiliensis', 'Poisoning by insulin and oral hypoglycemic drugs, assault', 1, 189, 15, 42);
insert into FoodItem (fid, rid, fname, description, catid, food_limit, current_qty, price) values (334, 2, 'Eurocephalus anguitimens', 'Foreign body in bladder, subsequent encounter', 5, 365, 17, 9);
insert into FoodItem (fid, rid, fname, description, catid, food_limit, current_qty, price) values (335, 10, 'Estrilda erythronotos', 'Disp fx of nk of 2nd MC bone, l hand, 7thD', 2, 428, 11, 48);
insert into FoodItem (fid, rid, fname, description, catid, food_limit, current_qty, price) values (336, 9, 'Chlidonias leucopterus', 'Contusion of left ear, sequela', 2, 360, 20, 48);
insert into FoodItem (fid, rid, fname, description, catid, food_limit, current_qty, price) values (337, 3, 'Otaria flavescens', 'Displ spiral fx shaft of r tibia, 7thR', 5, 364, 8, 22);
insert into FoodItem (fid, rid, fname, description, catid, food_limit, current_qty, price) values (338, 1, 'Phalacrocorax niger', 'Non-prs chr ulcer of right heel and midfoot w necros bone', 6, 378, 19, 47);
insert into FoodItem (fid, rid, fname, description, catid, food_limit, current_qty, price) values (339, 7, 'Ursus maritimus', 'Oth maternal infec/parastc diseases comp the puerperium', 3, 381, 14, 45);
insert into FoodItem (fid, rid, fname, description, catid, food_limit, current_qty, price) values (340, 10, 'Choriotis kori', 'Laceration without foreign body of right buttock, sequela', 4, 477, 6, 25);
insert into FoodItem (fid, rid, fname, description, catid, food_limit, current_qty, price) values (341, 5, 'Cervus canadensis', 'Nondisplaced fracture of unspecified radial styloid process', 4, 434, 14, 41);
insert into FoodItem (fid, rid, fname, description, catid, food_limit, current_qty, price) values (342, 10, 'Tamiasciurus hudsonicus', 'Skeletal fluorosis, other site', 6, 291, 8, 29);
insert into FoodItem (fid, rid, fname, description, catid, food_limit, current_qty, price) values (343, 10, 'Columba livia', 'Nondisp fx of proximal phalanx of right great toe, sequela', 4, 244, 7, 16);
insert into FoodItem (fid, rid, fname, description, catid, food_limit, current_qty, price) values (344, 7, 'Sarkidornis melanotos', 'Congenital malformations of uterus and cervix', 2, 408, 10, 27);
insert into FoodItem (fid, rid, fname, description, catid, food_limit, current_qty, price) values (345, 2, 'Paradoxurus hermaphroditus', 'Driver of hv veh injured in collision w 2/3-whl mv nontraf', 6, 243, 16, 17);
insert into FoodItem (fid, rid, fname, description, catid, food_limit, current_qty, price) values (346, 10, 'Smithopsis crassicaudata', 'Disp fx of nk of unsp rad, 7thN', 1, 204, 12, 30);
insert into FoodItem (fid, rid, fname, description, catid, food_limit, current_qty, price) values (347, 5, 'Rana sp.', 'Assault by antipersonnel bomb, initial encounter', 6, 359, 5, 34);
insert into FoodItem (fid, rid, fname, description, catid, food_limit, current_qty, price) values (348, 4, 'Cynictis penicillata', 'Nondisp fx of ant pro of l calcaneus, 7thG', 3, 466, 3, 10);
insert into FoodItem (fid, rid, fname, description, catid, food_limit, current_qty, price) values (349, 9, 'Fulica cristata', 'Major osseous defect, unspecified forearm', 6, 263, 6, 12);
insert into FoodItem (fid, rid, fname, description, catid, food_limit, current_qty, price) values (350, 10, 'Pavo cristatus', 'Nondisp trimalleol fx unsp low leg, 7thJ', 2, 259, 12, 17);
insert into FoodItem (fid, rid, fname, description, catid, food_limit, current_qty, price) values (351, 4, 'Chauna torquata', 'Unsp fx second MC bone, left hand, subs for fx w nonunion', 4, 173, 5, 7);
insert into FoodItem (fid, rid, fname, description, catid, food_limit, current_qty, price) values (352, 9, 'Tachybaptus ruficollis', 'Struck by other hoof stock, subsequent encounter', 3, 255, 6, 49);
insert into FoodItem (fid, rid, fname, description, catid, food_limit, current_qty, price) values (353, 8, 'Ramphastos tucanus', 'Fracture of subcondylar process of mandible', 4, 448, 18, 14);
insert into FoodItem (fid, rid, fname, description, catid, food_limit, current_qty, price) values (354, 6, 'Felis silvestris lybica', 'Poisoning by iron and its compounds, accidental, sequela', 2, 188, 14, 22);
insert into FoodItem (fid, rid, fname, description, catid, food_limit, current_qty, price) values (355, 2, 'Heloderma horridum', 'Radiohumeral (joint) sprain of left elbow', 2, 340, 12, 5);
insert into FoodItem (fid, rid, fname, description, catid, food_limit, current_qty, price) values (356, 8, 'Nasua nasua', 'Fx unsp prt of nk of l femr, 7thE', 1, 276, 16, 44);
insert into FoodItem (fid, rid, fname, description, catid, food_limit, current_qty, price) values (357, 8, 'Calyptorhynchus magnificus', 'Mechanical ectropion of eyelid', 3, 157, 11, 7);
insert into FoodItem (fid, rid, fname, description, catid, food_limit, current_qty, price) values (358, 8, 'Sarkidornis melanotos', 'Oth forn object in esoph cause comprsn of trachea, sequela', 2, 267, 9, 17);
insert into FoodItem (fid, rid, fname, description, catid, food_limit, current_qty, price) values (359, 3, 'Delphinus delphis', 'Rectal prolapse', 6, 272, 2, 29);
insert into FoodItem (fid, rid, fname, description, catid, food_limit, current_qty, price) values (360, 7, 'Nyctea scandiaca', 'Placental infarction, first trimester', 1, 184, 12, 6);
insert into FoodItem (fid, rid, fname, description, catid, food_limit, current_qty, price) values (361, 8, 'Corvus albicollis', 'Other physeal fracture of left metatarsal, 7thK', 5, 377, 7, 45);
insert into FoodItem (fid, rid, fname, description, catid, food_limit, current_qty, price) values (362, 2, 'Dicrostonyx groenlandicus', 'Unsp inj musc/tend post grp at low leg lev, right leg, subs', 2, 268, 2, 47);
insert into FoodItem (fid, rid, fname, description, catid, food_limit, current_qty, price) values (363, 9, 'Epicrates cenchria maurus', 'Disp fx of greater trochanter of unsp femr, 7thC', 2, 277, 6, 14);
insert into FoodItem (fid, rid, fname, description, catid, food_limit, current_qty, price) values (364, 4, 'Sciurus vulgaris', 'Oth fx r low leg, subs for opn fx type I/2 w delay heal', 2, 252, 11, 7);
insert into FoodItem (fid, rid, fname, description, catid, food_limit, current_qty, price) values (365, 5, 'Picoides pubescens', 'Unspecified subluxation of left middle finger, sequela', 2, 147, 5, 39);
insert into FoodItem (fid, rid, fname, description, catid, food_limit, current_qty, price) values (366, 6, 'Seiurus aurocapillus', 'Superficial injury of other parts of head', 2, 378, 15, 49);
insert into FoodItem (fid, rid, fname, description, catid, food_limit, current_qty, price) values (367, 10, 'Felis serval', 'Disp fx of intermed cuneiform of l ft, 7thK', 6, 105, 16, 42);
insert into FoodItem (fid, rid, fname, description, catid, food_limit, current_qty, price) values (368, 1, 'Bucorvus leadbeateri', 'Pathological dislocation of left shoulder, NEC', 3, 352, 9, 9);
insert into FoodItem (fid, rid, fname, description, catid, food_limit, current_qty, price) values (369, 9, 'Conolophus subcristatus', 'Abdominal pregnancy', 5, 190, 18, 26);
insert into FoodItem (fid, rid, fname, description, catid, food_limit, current_qty, price) values (370, 10, 'Tayassu tajacu', 'Hookworm diseases', 6, 275, 2, 18);
insert into FoodItem (fid, rid, fname, description, catid, food_limit, current_qty, price) values (371, 6, 'Bos taurus', 'Complete traumatic amp at knee level, unsp lower leg, init', 3, 251, 7, 44);
insert into FoodItem (fid, rid, fname, description, catid, food_limit, current_qty, price) values (372, 1, 'Buteo regalis', 'Athscl native arteries of extrm w rest pain, unsp extremity', 1, 412, 10, 7);
insert into FoodItem (fid, rid, fname, description, catid, food_limit, current_qty, price) values (373, 9, 'Antechinus flavipes', 'Burn of third degree of left thigh, subsequent encounter', 2, 249, 9, 8);
insert into FoodItem (fid, rid, fname, description, catid, food_limit, current_qty, price) values (374, 10, 'Alligator mississippiensis', 'Unsp injury of superfic vn at shldr/up arm, left arm, init', 4, 120, 18, 18);
insert into FoodItem (fid, rid, fname, description, catid, food_limit, current_qty, price) values (375, 5, 'Macropus agilis', 'Unsp mtrcy rider inj in nonclsn trnsp acc nontraf, sequela', 3, 319, 7, 18);
insert into FoodItem (fid, rid, fname, description, catid, food_limit, current_qty, price) values (376, 10, 'Castor canadensis', 'Monocular exotropia with V pattern, left eye', 2, 318, 13, 49);
insert into FoodItem (fid, rid, fname, description, catid, food_limit, current_qty, price) values (377, 4, 'Crocodylus niloticus', 'Corrosion of unsp degree of back of unsp hand, subs encntr', 3, 457, 15, 14);
insert into FoodItem (fid, rid, fname, description, catid, food_limit, current_qty, price) values (378, 2, 'Bettongia penicillata', 'Spasm of accommodation, unspecified eye', 1, 318, 3, 30);
insert into FoodItem (fid, rid, fname, description, catid, food_limit, current_qty, price) values (379, 6, 'Leptoptilos crumeniferus', 'Compression of brain', 1, 306, 15, 13);
insert into FoodItem (fid, rid, fname, description, catid, food_limit, current_qty, price) values (380, 4, 'Ratufa indica', 'Allergy status to analgesic agent status', 3, 125, 14, 26);
insert into FoodItem (fid, rid, fname, description, catid, food_limit, current_qty, price) values (381, 9, 'Neotis denhami', 'Maternal care for oth fetal problems, first trimester, unsp', 6, 366, 2, 33);
insert into FoodItem (fid, rid, fname, description, catid, food_limit, current_qty, price) values (382, 8, 'Amazona sp.', 'Anosmia', 6, 398, 8, 34);
insert into FoodItem (fid, rid, fname, description, catid, food_limit, current_qty, price) values (383, 4, 'Semnopithecus entellus', 'Nondisp intertroch fx r femr, 7thM', 4, 217, 5, 21);
insert into FoodItem (fid, rid, fname, description, catid, food_limit, current_qty, price) values (384, 9, 'Ardea golieth', 'Open wound of left buttock', 2, 476, 19, 20);
insert into FoodItem (fid, rid, fname, description, catid, food_limit, current_qty, price) values (385, 9, 'Coracias caudata', 'Nondisp commnt fx shaft of l fibula, 7thR', 5, 133, 19, 16);
insert into FoodItem (fid, rid, fname, description, catid, food_limit, current_qty, price) values (386, 7, 'Diomedea irrorata', 'Inhalant use, unsp w inhalnt-induce psychotic disorder, unsp', 1, 254, 18, 10);
insert into FoodItem (fid, rid, fname, description, catid, food_limit, current_qty, price) values (387, 1, 'Cabassous sp.', 'Androgen insensitivity syndrome, unspecified', 5, 255, 15, 17);
insert into FoodItem (fid, rid, fname, description, catid, food_limit, current_qty, price) values (388, 10, 'Ramphastos tucanus', 'Burn of first degree of upper arm', 2, 189, 3, 44);
insert into FoodItem (fid, rid, fname, description, catid, food_limit, current_qty, price) values (389, 8, 'Naja haje', 'Guttate psoriasis', 5, 490, 9, 26);
insert into FoodItem (fid, rid, fname, description, catid, food_limit, current_qty, price) values (390, 1, 'Ara ararauna', 'Anterior cord syndrome of thoracic spinal cord', 1, 282, 18, 14);
insert into FoodItem (fid, rid, fname, description, catid, food_limit, current_qty, price) values (391, 8, 'Bassariscus astutus', 'Displ seg fx shaft of unsp tibia, 7thD', 3, 275, 11, 44);
insert into FoodItem (fid, rid, fname, description, catid, food_limit, current_qty, price) values (392, 1, 'Isoodon obesulus', 'Other chronic osteomyelitis, left shoulder', 1, 443, 13, 48);
insert into FoodItem (fid, rid, fname, description, catid, food_limit, current_qty, price) values (393, 9, 'Creagrus furcatus', 'Insect bite (nonvenomous) of left ear, sequela', 4, 395, 17, 11);
insert into FoodItem (fid, rid, fname, description, catid, food_limit, current_qty, price) values (394, 6, 'Cracticus nigroagularis', 'Explosn of bomb place dur war op but expld aft, milt, subs', 1, 320, 16, 29);
insert into FoodItem (fid, rid, fname, description, catid, food_limit, current_qty, price) values (395, 9, 'Uraeginthus angolensis', 'Mech compl of biological heart valve graft', 4, 275, 11, 39);
insert into FoodItem (fid, rid, fname, description, catid, food_limit, current_qty, price) values (396, 8, 'Pycnonotus barbatus', 'Toxic effect of chlorine gas, accidental (unintentional)', 2, 429, 6, 28);
insert into FoodItem (fid, rid, fname, description, catid, food_limit, current_qty, price) values (397, 3, 'Isoodon obesulus', 'Suprvsn of preg with history of ectopic preg, unsp trimester', 4, 470, 2, 16);
insert into FoodItem (fid, rid, fname, description, catid, food_limit, current_qty, price) values (398, 5, 'Bettongia penicillata', 'Poisoning by salicylates, undetermined, subsequent encounter', 5, 284, 19, 35);
insert into FoodItem (fid, rid, fname, description, catid, food_limit, current_qty, price) values (399, 1, 'Haematopus ater', 'Crushing injury of left ring finger, subsequent encounter', 4, 156, 20, 8);
insert into FoodItem (fid, rid, fname, description, catid, food_limit, current_qty, price) values (400, 1, 'Sylvicapra grimma', 'Disp fx of greater trochanter of unspecified femur', 4, 498, 20, 39);
insert into FoodItem (fid, rid, fname, description, catid, food_limit, current_qty, price) values (401, 4, 'Martes pennanti', 'Acute myeloblastic leukemia, not having achieved remission', 2, 124, 8, 41);
insert into FoodItem (fid, rid, fname, description, catid, food_limit, current_qty, price) values (402, 10, 'Cyrtodactylus louisiadensis', 'Laceration of liver, unspecified degree, subs encntr', 1, 420, 1, 21);
insert into FoodItem (fid, rid, fname, description, catid, food_limit, current_qty, price) values (403, 7, 'Falco peregrinus', 'Skeletal fluorosis, hand', 3, 440, 19, 7);
insert into FoodItem (fid, rid, fname, description, catid, food_limit, current_qty, price) values (404, 9, 'Libellula quadrimaculata', 'Other asthma', 5, 111, 9, 5);
insert into FoodItem (fid, rid, fname, description, catid, food_limit, current_qty, price) values (405, 8, 'Charadrius tricollaris', 'Corrosion of first degree of unspecified foot, init encntr', 1, 373, 19, 6);
insert into FoodItem (fid, rid, fname, description, catid, food_limit, current_qty, price) values (406, 3, 'Anser caerulescens', 'Toxic effect of venom of other snake, assault', 2, 301, 18, 49);
insert into FoodItem (fid, rid, fname, description, catid, food_limit, current_qty, price) values (407, 5, 'Vulpes vulpes', 'Severe sepsis without septic shock', 5, 463, 5, 20);
insert into FoodItem (fid, rid, fname, description, catid, food_limit, current_qty, price) values (408, 2, 'Ictonyx striatus', 'Inhalant abuse with inhalant-induced dementia', 3, 376, 18, 44);
insert into FoodItem (fid, rid, fname, description, catid, food_limit, current_qty, price) values (409, 4, 'Junonia genoveua', 'Open bite of penis, subsequent encounter', 6, 336, 4, 6);
insert into FoodItem (fid, rid, fname, description, catid, food_limit, current_qty, price) values (410, 8, 'Ramphastos tucanus', 'Presence of unspecified artificial wrist joint', 6, 464, 4, 12);
insert into FoodItem (fid, rid, fname, description, catid, food_limit, current_qty, price) values (411, 9, 'Acinynox jubatus', 'Disp fx of anterior wall of unsp acetabulum, init', 1, 447, 10, 44);
insert into FoodItem (fid, rid, fname, description, catid, food_limit, current_qty, price) values (412, 4, 'Anas bahamensis', 'Roller skating rink as place', 4, 472, 5, 35);
insert into FoodItem (fid, rid, fname, description, catid, food_limit, current_qty, price) values (413, 8, 'Toxostoma curvirostre', 'Mycosis fungoides, intrathoracic lymph nodes', 3, 150, 13, 46);
insert into FoodItem (fid, rid, fname, description, catid, food_limit, current_qty, price) values (414, 2, 'Boselaphus tragocamelus', 'Effect of deprivation, unspecified', 3, 139, 12, 48);
insert into FoodItem (fid, rid, fname, description, catid, food_limit, current_qty, price) values (415, 8, 'unavailable', 'Pressure ulcer of left hip, stage 4', 5, 407, 10, 42);
insert into FoodItem (fid, rid, fname, description, catid, food_limit, current_qty, price) values (416, 5, 'Crotalus cerastes', 'Contact with sharp glass', 2, 349, 5, 38);
insert into FoodItem (fid, rid, fname, description, catid, food_limit, current_qty, price) values (417, 5, 'Tauraco porphyrelophus', 'Laceration of unsp musc/fasc/tend at thigh level, left thigh', 2, 499, 12, 12);
insert into FoodItem (fid, rid, fname, description, catid, food_limit, current_qty, price) values (418, 7, 'Eumetopias jubatus', 'Oth fx head/neck of r femr, 7thJ', 6, 320, 19, 18);
insert into FoodItem (fid, rid, fname, description, catid, food_limit, current_qty, price) values (419, 3, 'Dusicyon thous', 'Calculus of GB and bile duct w cholecyst, unsp, w/o obst', 6, 269, 13, 37);
insert into FoodItem (fid, rid, fname, description, catid, food_limit, current_qty, price) values (420, 5, 'Ctenophorus ornatus', 'Other water transport accident, initial encounter', 1, 114, 3, 26);
insert into FoodItem (fid, rid, fname, description, catid, food_limit, current_qty, price) values (421, 6, 'Rhea americana', 'Corrosion of second degree of right shoulder, init encntr', 5, 227, 6, 10);
insert into FoodItem (fid, rid, fname, description, catid, food_limit, current_qty, price) values (422, 5, 'Panthera leo persica', 'Contusion of bronchus, unilateral, initial encounter', 3, 394, 3, 44);
insert into FoodItem (fid, rid, fname, description, catid, food_limit, current_qty, price) values (423, 6, 'Pterocles gutturalis', 'Shock due to anesthesia, sequela', 6, 494, 14, 29);
insert into FoodItem (fid, rid, fname, description, catid, food_limit, current_qty, price) values (424, 9, 'Marmota caligata', 'Congenital lens malformations', 1, 440, 9, 31);
insert into FoodItem (fid, rid, fname, description, catid, food_limit, current_qty, price) values (425, 5, 'Cracticus nigroagularis', 'Corrosion of second degree of left ankle and foot, init', 3, 475, 11, 47);
insert into FoodItem (fid, rid, fname, description, catid, food_limit, current_qty, price) values (426, 8, 'Colaptes campestroides', 'Progressive external ophthalmoplegia', 3, 237, 1, 43);
insert into FoodItem (fid, rid, fname, description, catid, food_limit, current_qty, price) values (427, 7, 'Panthera leo persica', 'Ped on rolr-skt injured in clsn w hv veh nontraf, sequela', 5, 384, 13, 5);
insert into FoodItem (fid, rid, fname, description, catid, food_limit, current_qty, price) values (428, 8, 'Merops nubicus', 'Military operations, unspecified, sequela', 2, 153, 14, 40);
insert into FoodItem (fid, rid, fname, description, catid, food_limit, current_qty, price) values (429, 2, 'Eumetopias jubatus', 'Aqueous misdirection, bilateral', 5, 498, 1, 10);
insert into FoodItem (fid, rid, fname, description, catid, food_limit, current_qty, price) values (430, 5, 'Helogale undulata', 'Cutaneous T-cell lymphoma, unsp, lymph nodes mult site', 2, 411, 9, 27);
insert into FoodItem (fid, rid, fname, description, catid, food_limit, current_qty, price) values (431, 1, 'Vanellus armatus', 'Physical abuse complicating childbirth', 1, 256, 7, 39);
insert into FoodItem (fid, rid, fname, description, catid, food_limit, current_qty, price) values (432, 5, 'Lasiorhinus latifrons', 'Unsp fx lower end of r femur, subs for clos fx w routn heal', 2, 345, 12, 43);
insert into FoodItem (fid, rid, fname, description, catid, food_limit, current_qty, price) values (433, 6, 'Gazella thompsonii', 'Nondisplaced fracture of neck of left talus', 5, 371, 10, 13);
insert into FoodItem (fid, rid, fname, description, catid, food_limit, current_qty, price) values (434, 2, 'Sylvicapra grimma', 'Milt op involving explosion of torpedo, milt, init', 3, 427, 5, 38);
insert into FoodItem (fid, rid, fname, description, catid, food_limit, current_qty, price) values (435, 4, 'Eumetopias jubatus', 'Pedl cyc passenger injured in clsn w ped/anml in traf, init', 4, 392, 1, 20);
insert into FoodItem (fid, rid, fname, description, catid, food_limit, current_qty, price) values (436, 2, 'Crotaphytus collaris', 'Contusion of abdominal wall, subsequent encounter', 2, 206, 2, 49);
insert into FoodItem (fid, rid, fname, description, catid, food_limit, current_qty, price) values (437, 10, 'Madoqua kirkii', 'Posterior subluxation of right humerus, initial encounter', 2, 480, 8, 29);
insert into FoodItem (fid, rid, fname, description, catid, food_limit, current_qty, price) values (438, 2, 'Trichoglossus chlorolepidotus', 'Unsp fx unsp patella, 7thJ', 3, 477, 14, 37);
insert into FoodItem (fid, rid, fname, description, catid, food_limit, current_qty, price) values (439, 9, 'Spheniscus magellanicus', 'Rubber band causing external constriction', 1, 225, 18, 16);
insert into FoodItem (fid, rid, fname, description, catid, food_limit, current_qty, price) values (440, 5, 'Pteronura brasiliensis', 'Displ intertroch fx r femr, 7thN', 3, 480, 18, 24);
insert into FoodItem (fid, rid, fname, description, catid, food_limit, current_qty, price) values (441, 1, 'Zonotrichia capensis', 'Lead-induced chronic gout, ankle and foot', 3, 418, 17, 45);
insert into FoodItem (fid, rid, fname, description, catid, food_limit, current_qty, price) values (442, 7, 'Francolinus leucoscepus', 'Other malformations of precerebral vessels', 3, 307, 13, 19);
insert into FoodItem (fid, rid, fname, description, catid, food_limit, current_qty, price) values (443, 6, 'Merops nubicus', 'Fall in (into) bucket of water', 6, 133, 15, 8);
insert into FoodItem (fid, rid, fname, description, catid, food_limit, current_qty, price) values (444, 9, 'Zosterops pallidus', 'Poisoning by thyroid hormones and sub, self-harm, init', 4, 383, 4, 48);
insert into FoodItem (fid, rid, fname, description, catid, food_limit, current_qty, price) values (445, 7, 'Phalaropus fulicarius', 'Displ osteochon fx unsp patella, 7thE', 1, 338, 12, 45);
insert into FoodItem (fid, rid, fname, description, catid, food_limit, current_qty, price) values (446, 2, 'Tragelaphus scriptus', 'Oth physl fx low end humer, r arm, subs for fx w malunion', 5, 179, 8, 26);
insert into FoodItem (fid, rid, fname, description, catid, food_limit, current_qty, price) values (447, 4, 'Neophoca cinerea', 'Displ oblique fx shaft of l rad, 7thJ', 6, 425, 11, 30);
insert into FoodItem (fid, rid, fname, description, catid, food_limit, current_qty, price) values (448, 5, 'Streptopelia senegalensis', 'Simple suprcndl fracture w/o intrcndl fracture of humerus', 6, 484, 15, 41);
insert into FoodItem (fid, rid, fname, description, catid, food_limit, current_qty, price) values (449, 2, 'Canis lupus baileyi', 'Oth fracture of unsp great toe, subs for fx w delay heal', 2, 343, 15, 47);
insert into FoodItem (fid, rid, fname, description, catid, food_limit, current_qty, price) values (450, 9, 'Leptoptilos crumeniferus', 'Other secondary chronic gout, unsp shoulder, with tophus', 4, 393, 8, 17);
insert into FoodItem (fid, rid, fname, description, catid, food_limit, current_qty, price) values (451, 1, 'Cacatua tenuirostris', 'Poisoning by oth agents aff GI sys, accidental', 5, 403, 9, 24);
insert into FoodItem (fid, rid, fname, description, catid, food_limit, current_qty, price) values (452, 10, 'Iguana iguana', 'Mononeuritis multiplex', 6, 495, 2, 18);
insert into FoodItem (fid, rid, fname, description, catid, food_limit, current_qty, price) values (453, 3, 'Procyon cancrivorus', 'Displ commnt fx shaft of l fibula, 7thF', 1, 487, 13, 20);
insert into FoodItem (fid, rid, fname, description, catid, food_limit, current_qty, price) values (454, 4, 'Tamandua tetradactyla', 'Juvenile osteochondrosis of hip and pelvis, unspecified', 3, 478, 12, 29);
insert into FoodItem (fid, rid, fname, description, catid, food_limit, current_qty, price) values (455, 10, 'Centrocercus urophasianus', 'Mental disord and dis of the nervous sys compl preg/chldbrth', 1, 350, 3, 11);
insert into FoodItem (fid, rid, fname, description, catid, food_limit, current_qty, price) values (456, 6, 'Ara chloroptera', 'Unspecified spina bifida with hydrocephalus', 1, 297, 18, 11);
insert into FoodItem (fid, rid, fname, description, catid, food_limit, current_qty, price) values (457, 9, 'Rangifer tarandus', 'Type 2 fracture of sacrum, subs for fx w routn heal', 2, 447, 20, 23);
insert into FoodItem (fid, rid, fname, description, catid, food_limit, current_qty, price) values (458, 10, 'Canis latrans', 'Ca in situ skin of unsp ear and external auricular canal', 4, 437, 18, 43);
insert into FoodItem (fid, rid, fname, description, catid, food_limit, current_qty, price) values (459, 5, 'Echimys chrysurus', 'Nondisp fx of med malleolus of r tibia, 7thD', 4, 232, 9, 26);
insert into FoodItem (fid, rid, fname, description, catid, food_limit, current_qty, price) values (460, 4, 'Limosa haemastica', 'Palindromic rheumatism, unspecified hand', 6, 400, 6, 31);
insert into FoodItem (fid, rid, fname, description, catid, food_limit, current_qty, price) values (461, 4, 'Anhinga rufa', 'Other injury due to other accident to watercraft', 5, 408, 15, 14);
insert into FoodItem (fid, rid, fname, description, catid, food_limit, current_qty, price) values (462, 10, 'Butorides striatus', 'Displ commnt fx shaft of r fibula, 7thM', 2, 473, 14, 37);
insert into FoodItem (fid, rid, fname, description, catid, food_limit, current_qty, price) values (463, 5, 'Anitibyx armatus', 'Other specified hearing loss, unspecified ear', 1, 331, 15, 40);
insert into FoodItem (fid, rid, fname, description, catid, food_limit, current_qty, price) values (464, 9, 'Oryx gazella callotis', 'Inj great saphenous at hip and thigh level, right leg, init', 6, 444, 10, 7);
insert into FoodItem (fid, rid, fname, description, catid, food_limit, current_qty, price) values (465, 7, 'Coluber constrictor', 'Non-prs chr ulc unsp prt of unsp low leg w fat layer exposed', 2, 297, 15, 6);
insert into FoodItem (fid, rid, fname, description, catid, food_limit, current_qty, price) values (466, 3, 'Dasyurus maculatus', 'Unilateral primary osteoarthritis, unspecified hip', 5, 106, 19, 22);
insert into FoodItem (fid, rid, fname, description, catid, food_limit, current_qty, price) values (467, 8, 'Spizaetus coronatus', 'Inj extn musc/fasc/tend r little finger at forarm lv, sqla', 2, 108, 10, 15);
insert into FoodItem (fid, rid, fname, description, catid, food_limit, current_qty, price) values (468, 2, 'Panthera pardus', 'Other specified malignant neoplasm of skin of trunk', 4, 338, 20, 20);
insert into FoodItem (fid, rid, fname, description, catid, food_limit, current_qty, price) values (469, 4, 'Melophus lathami', 'Unspecified injury of ear, subsequent encounter', 6, 170, 10, 11);
insert into FoodItem (fid, rid, fname, description, catid, food_limit, current_qty, price) values (470, 2, 'Raphicerus campestris', 'Oth nondisp fx of 5th cervcal vert, subs for fx w routn heal', 5, 483, 6, 41);
insert into FoodItem (fid, rid, fname, description, catid, food_limit, current_qty, price) values (471, 10, 'Snycerus caffer', 'Other ossification of muscle, upper arm', 1, 316, 15, 17);
insert into FoodItem (fid, rid, fname, description, catid, food_limit, current_qty, price) values (472, 10, 'Nucifraga columbiana', 'Insect bite (nonvenomous) of anus, subsequent encounter', 5, 490, 2, 37);
insert into FoodItem (fid, rid, fname, description, catid, food_limit, current_qty, price) values (473, 6, 'Varanus salvator', 'Meconium aspiration', 5, 170, 12, 13);
insert into FoodItem (fid, rid, fname, description, catid, food_limit, current_qty, price) values (474, 3, 'Centrocercus urophasianus', 'Stable burst fracture of third thoracic vertebra, sequela', 4, 314, 19, 35);
insert into FoodItem (fid, rid, fname, description, catid, food_limit, current_qty, price) values (475, 9, 'Buteo jamaicensis', 'Memory deficit following other cerebrovascular disease', 3, 419, 10, 34);
insert into FoodItem (fid, rid, fname, description, catid, food_limit, current_qty, price) values (476, 4, 'Columba palumbus', 'Abrasion of left front wall of thorax, subsequent encounter', 3, 265, 6, 26);
insert into FoodItem (fid, rid, fname, description, catid, food_limit, current_qty, price) values (477, 8, 'Antidorcas marsupialis', 'Underdosing of antithyroid drugs, initial encounter', 5, 441, 1, 39);
insert into FoodItem (fid, rid, fname, description, catid, food_limit, current_qty, price) values (478, 2, 'Neophron percnopterus', 'Unsp injury of musc/fasc/tend long hd bicep, unsp arm, init', 3, 449, 12, 33);
insert into FoodItem (fid, rid, fname, description, catid, food_limit, current_qty, price) values (479, 4, 'Nannopterum harrisi', 'Unsp injury of unsp tibial artery, right leg, subs encntr', 1, 204, 9, 5);
insert into FoodItem (fid, rid, fname, description, catid, food_limit, current_qty, price) values (480, 5, 'Scolopax minor', 'Pressure ulcer of left hip, unspecified stage', 1, 371, 12, 41);
insert into FoodItem (fid, rid, fname, description, catid, food_limit, current_qty, price) values (481, 8, 'Globicephala melas', 'Primary blast injury of ear, bilateral, initial encounter', 3, 184, 6, 9);
insert into FoodItem (fid, rid, fname, description, catid, food_limit, current_qty, price) values (482, 10, 'Naja haje', 'Dermatitis due to other substances taken internally', 1, 427, 6, 25);
insert into FoodItem (fid, rid, fname, description, catid, food_limit, current_qty, price) values (483, 7, 'Trachyphonus vaillantii', 'Pnctr w/o fb of abd wall, right lower q w penet perit cav', 4, 430, 11, 13);
insert into FoodItem (fid, rid, fname, description, catid, food_limit, current_qty, price) values (484, 3, 'Varanus sp.', 'Triplet pregnancy with two or more monoamniotic fetuses', 4, 430, 4, 23);
insert into FoodItem (fid, rid, fname, description, catid, food_limit, current_qty, price) values (485, 1, 'Columba livia', 'Oth disp fx of fourth cervcal vert, subs for fx w delay heal', 3, 132, 13, 17);
insert into FoodItem (fid, rid, fname, description, catid, food_limit, current_qty, price) values (486, 9, 'Butorides striatus', 'Milt op involving unarmed hand to hand combat, milt', 4, 398, 10, 37);
insert into FoodItem (fid, rid, fname, description, catid, food_limit, current_qty, price) values (487, 9, 'Loris tardigratus', 'Blister (nonthermal) of breast, right breast, sequela', 6, 462, 10, 28);
insert into FoodItem (fid, rid, fname, description, catid, food_limit, current_qty, price) values (488, 10, 'Myotis lucifugus', 'Fx unsp phalanx of r mid finger, subs for fx w delay heal', 2, 387, 12, 40);
insert into FoodItem (fid, rid, fname, description, catid, food_limit, current_qty, price) values (489, 3, 'Ara ararauna', 'Sltr-haris Type IV physl fx upr end rad, l arm, 7thG', 3, 302, 4, 44);
insert into FoodItem (fid, rid, fname, description, catid, food_limit, current_qty, price) values (490, 4, 'Agama sp.', 'Unspecified corneal deformity', 1, 318, 8, 6);
insert into FoodItem (fid, rid, fname, description, catid, food_limit, current_qty, price) values (491, 8, 'Redunca redunca', 'War operation w oth effects of nuclear weapons, milt, subs', 6, 376, 3, 22);
insert into FoodItem (fid, rid, fname, description, catid, food_limit, current_qty, price) values (492, 3, 'Coluber constrictor', 'Body mass index (BMI) 20.0-20.9, adult', 3, 438, 15, 32);
insert into FoodItem (fid, rid, fname, description, catid, food_limit, current_qty, price) values (493, 6, 'Aonyx cinerea', 'Poisoning by unsp psychodysleptics, undetermined, sequela', 5, 449, 5, 26);
insert into FoodItem (fid, rid, fname, description, catid, food_limit, current_qty, price) values (494, 10, 'unavailable', 'Insect bite (nonvenomous) of left wrist, sequela', 2, 318, 8, 17);
insert into FoodItem (fid, rid, fname, description, catid, food_limit, current_qty, price) values (495, 9, 'Leipoa ocellata', 'Expsr to rdct in atmos pressr wh surfc fr underground, subs', 6, 441, 17, 6);
insert into FoodItem (fid, rid, fname, description, catid, food_limit, current_qty, price) values (496, 3, 'Terrapene carolina', 'Unsp inj flexor musc/fasc/tend l rng fngr at forarm lv, init', 3, 305, 11, 22);
insert into FoodItem (fid, rid, fname, description, catid, food_limit, current_qty, price) values (497, 6, 'Francolinus coqui', 'Malignant neoplasm of unsp bones and artic cartilage of limb', 4, 200, 7, 46);
insert into FoodItem (fid, rid, fname, description, catid, food_limit, current_qty, price) values (498, 3, 'Alligator mississippiensis', 'Postural kyphosis, cervicothoracic region', 6, 135, 17, 49);
insert into FoodItem (fid, rid, fname, description, catid, food_limit, current_qty, price) values (499, 5, 'Ictonyx striatus', 'Abnormal immunolog findings in specimens from oth org/tiss', 3, 484, 12, 19);
insert into FoodItem (fid, rid, fname, description, catid, food_limit, current_qty, price) values (500, 1, 'Varanus sp.', 'Poisoning by cocaine, intentional self-harm, subs encntr', 5, 312, 2, 49);

alter sequence FoodItem_fid_seq restart with 501;

insert into PromoCampaign (pcid, campaign_type, start_time, end_time) values (1, 'DiscountPromo', '2020-04-01', '2020-07-01');
insert into PromoCampaign (pcid, campaign_type, start_time, end_time) values (2, 'DiscountPromo', '2020-05-01', '2020-07-01');

alter sequence PromoCampaign_pcid_seq restart with 3;

insert into PromoByRestaurant (pcid, rid) values (1, 1);
insert into PromoByRestaurant (pcid, rid) values (2, 2);

insert into DiscountPromo (pcid, min_spend, max_spend, discount) values (1, 10, null, 10);
insert into DiscountPromo (pcid, min_spend, max_spend, discount) values (2, 50, null, 10);

-- Customer and Manager Mock Data

INSERT INTO Customers (cid, c_first_name, c_last_name, email, cpassword, credit_card_info, reward_pts, created_on) VALUES (1, 'Benedict', 'Quek', 'bene@hotmail.com', 'dictdict96', 'DBS 9821-2112', 10, current_timestamp), (2, 'Zachary', 'Tan', 'tanzack@nus.com', 'fhas7612', 'POSB 312321132', 0, current_timestamp), (3, 'Chen', 'Hua', 'chenhua@gmail.com', 'fdsf64324', 'DBS 1232', 50, current_timestamp), (4, 'Joyce', 'Tan', 'joyceytan@gmail.com', 'ashda6969', 'OCBC 321123', 61, current_timestamp), (5, 'John', 'Elijah Tan', 'elijah@dbs.email.co', 'dasni324', 'DBS 1213', 1, current_timestamp);
alter sequence Customers_cid_seq restart with 6;

INSERT INTO Orders (oid, use_credit_card, use_points, order_time, order_status, price, delivery_fee, address, location_area, gain_reward_pts, cid)
VALUES (1, true, false, '2038-01-19 03:14:07' ,'WAITING', 10.50, 3.00, 'Clementi 96', 'Clementi', 20, 1),
(2, true, false, '2038-01-19 03:14:07' ,'WAITING', 10.50, 3.00, 'Clementi 96','Clementi', 20, 1);
alter sequence Orders_oid_seq restart with 3;

INSERT INTO OrderPromoCampaignUsage (oid, pcid) VALUES (1, 1), (2, 1);

INSERT INTO OrderItem (ooid, oid) VALUES (1, 1), (2, 1), (3, 1);
alter sequence OrderItem_ooid_seq restart with 4;

INSERT INTO Belongs (oid, rid) VALUES (1, 1); 
